Seq,City,Region,DegDay,DHDBT,DCDBT,Strange,OHR,DGTEMP,JanWind,JulWind,Jan,Feb,Mar,Apr,May,Jun,Jul,Aug,Sep,Oct,Nov,Dec,Latidude,Longitude,
1,Athabasca,AB,6000,-35,27,12,11,5,10,10,-15,-11,-4,4,11,14,16,15,10,4,-6,-13,54.72,-113.28,AB
2,Banff,AB,5500,-31,27,14,7,5,10,8,-9,-7,-3,3,7,11,15,14,9,3,-4,-9,51.17,-115.57,BC
3,Barrhead,AB,5740,-33,27,12,11,5,8,9,-11,-11,-6,1,11,13,17,13,12,5,-3,-10,54.13,-114.4,MB
4,Beaverlodge,AB,5700,-36,28,12,9,5,10,12,-13,-10,-4,4,10,13,15,14,10,4,-6,-11,55.22,-119.43,NB
5,Brooks,AB,4880,-32,32,14,10,7,13,12,-11,-7,-2,6,11,16,19,18,13,6,-2,-7,50.58,-111.88,NL
6,Calgary,AB,5000,-30,28,12,8,6,15,14,-7,-5,-2,5,10,14,16,16,11,5,-3,-6,51.05,-114.08,NS
7,Campsie,AB,5750,-33,27,14,11,5,10,12,-14,-11,-4,4,10,14,16,15,10,4,-6,-12,54.13,-114.65,NT
8,Camrose,AB,5500,-33,29,13,10,5,11,12,-14,-10,-6,4,10,14,17,15,10,3,-5,-10,53.02,-112.83,NU
9,Canmore,AB,5400,-31,28,14,8,6,10,8,-10,-7,-3,3,7,11,15,14,9,3,-4,-9,51.09,-115.35,ON
10,Cardston,AB,4700,-29,30,13,9,7,13,11,-5,-3,-1,5,10,14,18,17,12,6,0,-3,49.2,-113.3,PE
11,Claresholm,AB,4680,-30,30,15,8,6,13,12,-8,-4,-2,5,10,14,18,17,12,6,-1,-5,50.03,-113.58,QC
12,Cold Lake,AB,5860,-35,28,11,10,4,9,11,-16,-12,-5,4,10,15,17,16,10,3,-7,-13,54.45,-110.17,SK
13,Coleman,AB,5210,-31,29,15,8,7,14,10,-8,-5,-1,3,8,12,14,14,10,5,-3,-7,49.63,-114.5,YT
14,Coronation,AB,5640,-32,30,13,9,5,17,15,-14,-12,-5,4,10,14,17,16,10,4,-7,-12,52.08,-111.45,
15,Cowley,AB,4810,-29,29,15,8,6,26,18,-10,-6,-2,3,9,13,16,16,10,5,-2,-6,49.57,-114.08,
16,Drumheller,AB,5050,-32,30,14,8,5,7,10,-13,-8,-3,6,11,16,19,18,13,5,-3,-9,51.47,-112.7,
17,Edmonton,AB,5120,-30,28,10,10,5,11,12,-11,-8,-3,5,11,15,18,17,11,5,-4,-9,53.55,-113.47,
18,Edson,AB,5750,-34,27,13,9,5,7,8,-11,-8,-4,3,8,13,15,14,9,3,-6,-10,53.58,-116.43,
19,Embarras Portage,AB,7100,-41,28,11,10,3,10,12,-22,-17,-9,1,9,14,17,15,9,1,-10,-19,58.45,-111.47,
20,Fairview,AB,5840,-37,27,11,9,4,10,10,-14,-11,-5,4,11,14,16,15,10,4,-7,-12,56.07,-118.38,
21,Fort MacLeod,AB,4600,-30,31,15,9,8,21,16,-7,-4,0,6,11,15,18,17,12,7,-1,-6,49.72,-113.42,
22,Fort McMurray,AB,6250,-38,28,12,10,4,8,9,-18,-13,-6,3,10,15,17,15,10,2,-9,-15,56.73,-111.38,
23,Fort Saskatchewan,AB,5420,-32,28,13,10,5,13,12,-13,-10,-4,5,11,15,17,16,11,5,-6,-12,53.72,-113.22,
24,Fort Vermilion,AB,6700,-41,28,12,9,4,8,6,-22,-17,-10,2,11,15,17,15,9,2,-10,-20,58.4,-116,
25,Grande Prairie,AB,5790,-36,27,12,9,5,9,12,-14,-11,-5,4,10,14,16,15,10,4,-7,-11,55.17,-118.8,
26,Habay,AB,6750,-41,28,13,9,4,8,6,-26,-20,-14,2,11,14,15,14,7,2,-13,-18,58.83,-118.73,
27,Hardisty,AB,5640,-33,30,13,9,5,12,13,-17,-12,-7,3,11,15,16,17,9,5,-6,-13,52.67,-111.3,
28,High River,AB,4900,-31,28,15,8,6,17,15,-8,-6,-2,4,9,13,15,15,10,5,-2,-7,50.58,-113.87,
29,Hinton,AB,5500,-34,27,15,8,6,9,8,-12,-8,-4,3,8,11,14,13,9,4,-6,-8,53.4,-117.58,
30,Jasper,AB,5300,-31,28,12,8,6,9,8,-8,-5,-1,4,9,13,15,14,10,4,-4,-9,52.88,-118.08,
31,Keg River,AB,6520,-40,28,15,9,4,9,10,-19,-14,-7,3,9,14,15,14,9,1,-12,-16,57.75,-117.62,
32,Lac la Biche,AB,6100,-35,28,12,10,4,7,9,-16,-11,-6,3,10,14,17,16,11,4,-6,-13,54.77,-111.97,
33,Lacombe,AB,5500,-33,28,13,10,5,10,11,-13,-9,-5,4,9,13,16,15,10,4,-5,-9,52.47,-113.73,
34,Lethbridge,AB,4500,-30,31,14,9,8,20,15,-6,-4,0,6,11,15,18,18,13,7,-1,-5,49.7,-112.82,
35,Manning,AB,6300,-39,27,11,9,4,10,11,-18,-13,-7,3,10,14,16,15,10,2,-9,-14,56.92,-117.62,
36,Medicine Hat,AB,4540,-31,32,13,8,8,14,13,-9,-5,0,7,12,17,20,19,13,7,-2,-7,50.05,-110.67,
37,Peace River,AB,6050,-37,27,12,9,4,12,12,-15,-12,-6,4,10,14,16,15,10,3,-8,-12,56.23,-117.28,
38,Pincher Creek,AB,4740,-29,29,13,8,6,26,18,-6,-3,-2,4,9,13,17,17,12,6,-1,-4,49.48,-113.95,
39,Ranfurly,AB,5700,-34,29,12,10,5,12,12,-14,-12,-6,4,11,15,17,16,10,5,-6,-13,53.42,-111.68,
40,Red Deer,AB,5550,-32,28,13,10,5,12,12,-12,-9,-4,4,10,14,16,15,10,4,-5,-10,52.27,-113.8,
41,Rocky Mountain House,AB,5640,-32,27,13,9,5,7,8,-12,-9,-5,3,8,12,15,14,9,3,-6,-10,52.37,-114.92,
42,Slave Lake,AB,5850,-35,26,11,11,4,15,12,-13,-10,-5,3,9,14,16,15,10,3,-6,-12,55.28,-114.77,
43,Stettler,AB,5300,-32,30,14,9,5,16,13,-13,-9,-3,5,10,14,16,16,11,5,-5,-11,52.32,-112.72,
44,Stony Plain,AB,5300,-32,28,11,10,5,11,10,-12,-8,-3,5,11,15,16,16,11,5,-4,-10,53.53,-114,
45,Suffield,AB,4770,-31,32,15,10,8,18,18,-11,-7,-1,6,12,16,19,19,13,7,-3,-9,50.2,-111.17,
46,Taber,AB,4580,-31,31,15,9,8,19,13,-9,-4,-1,6,12,16,19,18,13,7,-1,-6,49.78,-112.15,
47,Turner Valley,AB,5220,-31,28,15,8,5,17,15,-10,-7,-3,2,7,11,13,13,9,4,-3,-9,50.67,-114.28,
48,Valleyview,AB,5600,-37,27,13,9,4,15,13,-13,-9,-2,5,10,14,16,15,10,5,-4,-11,55.07,-117.28,
49,Vegreville,AB,5780,-34,29,13,10,5,12,13,-15,-11,-6,4,10,14,17,15,10,3,-6,-11,53.5,-112.05,
50,Vermilion,AB,5740,-35,29,13,10,5,12,12,-18,-14,-7,4,11,15,16,15,10,4,-5,-14,53.37,-110.85,
51,Wagner,AB,5850,-35,26,12,11,4,15,12,-13,-10,-5,3,9,14,16,15,10,3,-6,-12,55.35,-114.98,
52,Wainwright,AB,5700,-33,29,12,10,5,12,13,-14,-9,-6,5,10,15,18,17,11,4,-4,-11,52.82,-110.87,
53,Wetaskiwin,AB,5500,-33,29,13,10,5,10,11,-15,-11,-6,3,11,15,16,16,9,5,-6,-12,52.97,-113.37,
54,Whitecourt,AB,5650,-33,27,12,11,5,7,8,-12,-8,-3,4,10,14,16,14,9,4,-7,-11,54.15,-115.68,
55,Wimborne,AB,5310,-31,29,13,8,5,15,14,-13,-9,-6,2,10,14,16,15,10,4,-5,-9,51.87,-113.58,
56,100 Mile House,BC,5030,-30,29,15,7,8,10,8,-8,-4,0,5,9,13,15,15,10,5,-2,-8,51.65,-121.2833,
57,Abbotsford,BC,2860,-8,29,11,11,11,10,8,4,5,7,10,13,16,18,18,15,11,6,3,49.0517,-122.3289,
58,Agassiz,BC,2750,-9,31,10,12,11,13,12,3,5,7,11,14,16,19,19,16,11,6,4,49.23,-121.77,
59,Alberni,BC,3100,-5,31,13,9,10,4,9,2,3,6,9,12,15,18,18,15,10,5,2,49.27,-124.8,
60,Ashcroft,BC,3700,-24,34,14,9,10,5,10,-7,-2,4,10,14,18,21,20,16,9,0,-3,50.72,-121.28,
61,Bamfield,BC,3080,-2,23,8,10,11,14,10,5,6,6,8,11,13,14,15,14,10,7,5,48.83,-125.13,
62,Beatton River,BC,6300,-37,26,13,10,4,4,6,-15,-10,-8,1,7,12,14,12,7,1,-8,-12,57.38,-121.4,
63,Bella Bella,BC,3180,-5,23,8,11,10,15,9,3,4,4,6,10,12,14,15,13,9,5,1,52.16,-128.14,
64,Bella Coola,BC,3560,-14,27,11,11,10,8,11,-1,1,5,8,12,14,17,17,13,8,3,-1,52.37,-126.75,
65,Burnaby (Simon Fraser Univ.),BC,3100,-7,25,7,9,11,12,11,3,4,6,9,12,14,17,17,15,10,5,3,49.28,-122.92,
66,Burns Lake,BC,5450,-31,26,16,8,6,5,6,-11,-7,-3,3,8,12,13,12,8,3,-4,-9,54.23,-125.75,
67,Cache Creek,BC,3700,-24,34,16,9,10,5,10,-5,-1,4,9,13,17,20,19,15,8,0,-4,50.8,-121.32,
68,Campbell River,BC,3000,-5,26,9,10,10,9,9,4,5,6,9,12,15,17,17,14,10,6,4,50.02,-125.24,
69,Carmi,BC,4750,-24,31,19,9,10,5,6,-7,-3,1,6,10,13,16,15,11,5,-2,-7,49.5,-119.12,
70,Castlegar,BC,3580,-18,32,15,10,10,9,8,-3,0,4,9,13,17,20,20,14,8,2,-2,49.32,-117.67,
71,Chetwynd,BC,5500,-35,27,14,9,5,9,8,-11,-8,-2,5,10,13,15,15,10,4,-6,-9,55.7,-121.63,
72,Chilliwack,BC,2780,-9,30,11,11,11,13,12,2,5,7,10,13,16,18,18,16,11,6,3,49.1667,-121.95,
73,Cloverdale,BC,2700,-8,29,10,11,11,9,7,4,5,8,11,14,16,18,19,16,11,6,3,49.1,-122.7333,
74,Comox,BC,3100,-7,27,8,9,10,13,12,4,4,6,9,12,15,18,18,14,10,6,4,49.68,-124.93,
75,Courtenay,BC,3100,-7,28,8,9,10,13,12,4,4,6,9,12,15,18,18,14,10,6,4,49.68,-124.98,
76,Cranbrook,BC,4400,-26,32,13,7,9,6,11,-6,-3,2,7,11,15,19,18,13,6,-1,-7,49.5,-115.77,
77,Crescent Valley,BC,3650,-18,31,17,10,10,9,8,-4,-1,4,8,13,16,19,19,14,8,1,-3,49.45,-117.55,
78,Crofton,BC,2880,-4,28,13,10,11,8,10,2,4,5,8,12,14,18,18,15,10,6,4,48.87,-123.65,
79,Dawson Creek,BC,5900,-38,27,13,9,5,10,10,-15,-11,-5,4,9,13,15,14,10,4,-7,-12,55.77,-120.23,
80,Dease Lake,BC,6730,-37,24,11,7,4,7,7,-14,-12,-5,1,7,11,13,11,7,0,-10,-14,58.44,-130,
81,Dog Creek,BC,4800,-28,29,16,7,6,10,8,-9,-4,0,7,10,14,17,16,14,6,-3,-5,51.58,-122.3,
82,Duncan,BC,2980,-6,28,14,10,10,4,9,3,4,6,8,12,15,17,17,14,9,5,3,48.78,-123.7,
83,Elko,BC,4600,-28,30,14,9,9,10,8,-7,-3,1,6,11,15,18,18,13,6,-1,-6,49.3,-115.12,
84,Fernie,BC,4750,-27,30,15,9,8,10,8,-7,-4,0,5,10,13,16,16,11,5,-1,-6,49.5,-115.07,
85,Fort Nelson,BC,6710,-39,28,12,9,4,4,7,-21,-15,-8,3,10,15,17,15,9,0,-13,-18,58.83,-122.7,
86,Fort St. John,BC,5750,-35,26,10,10,5,14,12,-13,-9,-5,4,10,14,16,15,10,3,-7,-10,56.25,-120.85,
87,Glacier,BC,5800,-27,27,12,8,8,10,8,-10,-7,-2,2,6,10,13,13,8,2,-5,-9,51.27,-117.52,
88,Gold River,BC,3230,-8,31,13,8,11,4,9,1,3,5,8,12,15,18,18,15,9,4,2,49.78,-126.05,
89,Golden,BC,4750,-27,30,14,7,8,3,5,-10,-5,0,6,11,15,17,17,11,5,-2,-8,51.3,-116.97,
90,Grand Forks,BC,3820,-19,34,16,9,10,9,8,-5,-1,4,9,13,16,20,19,14,7,1,-4,49.03,-118.45,
91,Greenwood,BC,4100,-20,34,17,9,10,9,8,-8,-3,1,6,10,14,18,17,11,6,0,-5,49.1,-118.68,
92,Haney,BC,2840,-9,30,12,11,11,9,7,2,4,7,9,12,15,18,18,15,10,5,3,49.22,-122.6,
93,Hope,BC,3000,-13,31,10,10,11,15,13,2,4,7,10,13,16,19,19,16,10,5,2,49.38,-121.44,
94,Jordan River,BC,2900,-1,22,7,10,12,14,10,6,7,8,10,12,13,15,15,14,11,8,6,48.42,-124.05,
95,Kamloops,BC,3450,-23,34,13,9,10,10,10,-3,0,5,10,15,18,21,21,15,8,2,-2,50.67,-120.32,
96,Kaslo,BC,3830,-17,30,13,9,9,10,8,-3,-1,3,7,12,15,18,18,13,7,2,-2,49.92,-116.92,
97,Kelowna,BC,3400,-17,33,15,9,11,5,6,-3,-1,4,8,13,17,19,19,14,7,1,-3,49.88,-119.48,
98,Kimberley,BC,4650,-25,31,16,8,8,6,11,-7,-4,1,6,11,14,18,17,13,6,-2,-7,49.68,-115.98,
99,Kitimat Plant,BC,3750,-16,25,10,8,7,5,7,-2,0,4,7,11,14,17,17,13,8,2,-1,54.05,-128.63,
100,Kitimat Townsite,BC,3900,-16,24,10,8,9,5,7,-3,-1,3,6,10,14,16,16,12,7,2,-1,54.07,-128.65,
101,Ladner,BC,2600,-6,27,7,11,12,11,11,4,5,7,10,13,16,18,18,15,10,6,4,49.08,-123.08,
102,Ladysmith,BC,3000,-7,27,12,11,11,8,10,3,4,6,9,12,15,18,18,15,10,5,3,48.99,-123.82,
103,Langford,BC,2750,-4,27,10,11,12,10,8,6,6,8,10,12,15,16,16,15,11,8,6,48.45,-123.5,
104,Langley,BC,2700,-8,29,11,11,11,9,7,4,5,8,11,14,16,18,19,16,11,6,3,49.1,-122.65,
105,Lillooet,BC,3400,-21,34,13,9,11,14,23,-2,1,5,10,15,19,23,22,17,10,3,-1,50.68,-121.93,
106,Lytton,BC,3300,-17,35,12,9,11,14,23,-1,2,6,10,15,18,22,22,17,10,3,-2,50.23,-121.57,
107,Mackenzie,BC,5550,-34,27,12,8,5,7,7,-11,-7,-4,3,9,14,15,14,10,3,-4,-8,55.3,-123.08,
108,Masset,BC,3700,-5,17,7,10,10,14,15,1,3,4,6,8,10,13,13,12,9,5,3,54.02,-132.1,
109,McBride,BC,4980,-29,29,14,8,8,8,6,-7,-4,0,5,9,13,15,15,10,5,-2,-6,53.3,-120.17,
110,McLeod Lake,BC,5450,-35,27,12,8,5,7,7,-11,-7,-4,3,9,14,15,14,10,3,-4,-8,54.98,-123.03,
111,Merritt,BC,3900,-24,34,15,9,11,10,10,-4,-1,4,8,12,15,18,18,14,8,1,-4,50.1,-120.7833,
112,Mission City,BC,2850,-9,30,10,11,11,10,8,2,5,7,10,13,15,18,18,16,11,6,3,49.13,-122.3,
113,Montrose,BC,3600,-16,32,17,10,10,8,8,-4,-1,3,8,13,17,20,20,14,7,2,-3,49.08,-117.58,
114,Nakusp,BC,3560,-20,31,12,10,9,5,5,-2,0,3,8,12,16,20,19,14,8,2,-1,50.23,-117.8,
115,Nanaimo,BC,3000,-6,27,9,11,11,8,10,2,4,5,8,12,14,18,18,15,10,6,4,49.17,-123.93,
116,Nelson,BC,3500,-18,31,13,10,10,10,8,-1,1,4,8,12,16,20,20,15,8,3,-1,49.48,-117.28,
117,New Westminster,BC,2800,-8,29,10,10,11,9,7,2,5,6,9,12,15,18,18,15,11,6,4,49.22,-122.92,
118,North Vancouver,BC,2910,-7,26,10,11,11,7,8,4,5,7,10,13,15,18,18,15,10,6,3,49.32,-123.07,
119,Ocean Falls,BC,3400,-10,23,7,10,8,18,13,1,2,4,6,10,13,15,16,14,9,4,2,52.35,-127.7,
120,Osoyoos,BC,3100,-14,35,15,10,12,7,6,-1,2,6,11,15,19,23,22,17,10,3,-1,49.03,-119.5,
121,Parksville,BC,3200,-6,26,9,11,12,8,10,4,5,6,9,12,15,18,18,14,10,6,3,49.32,-124.33,
122,Penticton,BC,3350,-15,33,13,9,11,14,9,-1,1,5,9,14,18,21,20,15,9,3,-1,49.5,-119.58,
123,Port Alberni,BC,3100,-5,31,13,9,10,4,9,2,3,6,9,12,15,18,18,15,10,5,2,49.2333,-124.8,
124,Port Alice,BC,3010,-3,26,9,8,11,4,9,4,5,6,8,11,13,16,16,14,10,6,4,50.38,-127.45,
125,Port Hardy,BC,3440,-5,20,7,10,10,15,9,4,4,6,7,10,12,14,14,12,9,6,4,50.7,-127.42,
126,Port McNeill,BC,3410,-5,22,8,10,10,15,9,4,4,5,8,10,12,14,14,13,10,6,4,50.58,-127.1,
127,Port Renfrew,BC,2900,-3,24,9,9,11,14,10,3,5,6,8,11,13,15,15,13,10,6,4,48.56,-124.4,
128,Powell River,BC,3100,-7,26,8,10,11,7,7,4,5,7,9,13,16,18,18,16,11,7,4,49.83,-124.52,
129,Prince George,BC,4720,-32,28,12,9,6,10,8,-8,-5,0,5,10,14,16,15,10,4,-3,-7,53.92,-122.75,
130,Prince Rupert,BC,3900,-13,19,6,9,10,14,10,2,3,4,6,9,12,13,14,12,8,4,3,54.32,-130.32,
131,Princeton,BC,4250,-24,33,16,8,10,2,7,-5,-3,2,7,11,15,19,18,14,6,-1,-5,49.5,-120.51,
132,Qualicum Beach,BC,3200,-7,27,10,11,10,8,10,3,4,6,8,12,15,17,17,13,9,5,3,49.35,-124.45,
133,Queen Charlotte City,BC,3520,-6,21,5,9,10,17,11,4,4,5,7,9,12,14,15,13,9,6,4,53.26,-132.08,
134,Quesnel,BC,4650,-31,30,14,7,6,6,5,-7,-4,1,6,11,15,17,16,11,6,-2,-6,52.98,-122.48,
135,Revelstoke,BC,4000,-20,31,12,9,9,5,5,-4,-2,2,8,13,16,19,18,13,7,1,-3,50.98,-118.2,
136,Richmond,BC,2800,-7,27,7,11,11,11,11,4,5,7,10,13,16,18,18,15,10,6,4,49.17,-123.1,
137,Salmon Arm,BC,3650,-19,33,14,11,10,4,5,-2,0,4,9,13,17,21,20,14,8,2,-2,50.7,-119.28,
138,Sandspit,BC,3450,-4,18,5,9,11,22,16,4,4,5,7,9,12,14,15,13,9,6,4,53.25,-131.82,
139,Sechelt,BC,2680,-6,27,9,12,12,8,10,4,5,6,9,12,14,17,17,14,10,6,5,49.47,-123.75,
140,Sidney,BC,2850,-4,26,10,10,12,10,8,5,5,7,9,12,15,17,17,14,10,6,4,48.65,-123.4,
141,Smith River,BC,7100,-45,26,11,8,4,5,10,-25,-16,-10,0,7,13,14,13,7,-1,-13,-21,59.88,-126.43,
142,Smithers,BC,5040,-29,26,12,8,6,7,6,-8,-4,0,5,9,13,15,14,10,4,-2,-7,54.7833,-127.1667,
143,Sooke,BC,2900,-1,21,6,9,11,11,12,5,5,7,8,10,12,14,14,13,9,6,4,48.38,-123.72,
144,Squamish,BC,2950,-9,29,11,11,11,5,6,2,4,6,9,12,15,18,18,15,9,4,2,49.7,-123.15,
145,Stewart,BC,4350,-17,25,9,8,8,3,4,-4,-1,2,6,10,14,15,14,11,6,1,-3,55.93,-129.98,
146,Surrey (88 Ave & 156 St.),BC,2750,-8,29,11,11,12,9,7,4,5,8,11,14,16,18,19,16,11,6,3,49.1628,-122.7902,
147,Tahsis,BC,3150,-4,26,12,10,11,4,9,2,4,6,8,12,15,18,19,15,10,5,2,49.93,-126.65,
148,Taylor,BC,5720,-35,26,13,10,5,14,12,-13,-9,-5,4,10,14,16,15,10,3,-7,-10,56.2,-120.69,
149,Terrace,BC,4150,-19,27,9,8,7,18,12,-3,-1,2,6,10,14,16,16,12,6,1,-2,54.52,-128.6,
150,Tofino,BC,3150,-2,20,8,10,11,10,9,5,5,6,8,10,12,14,15,13,10,7,5,49.12,-125.88,
151,Trail,BC,3600,-14,33,14,9,10,8,8,-3,0,4,9,13,17,20,20,15,8,2,-2,49.1,-117.7,
152,Ucluelet,BC,3120,-2,18,5,11,11,18,13,6,6,7,9,11,13,14,15,14,11,8,6,48.93,-125.55,
153,Vancouver (city hall),BC,2825,-7,28,7,11,11,11,11,3,5,6,9,12,15,18,18,15,10,6,4,49.25,-123.12,
154,Vancouver (Granville & 41 Ave),BC,2925,-6,28,9,11,12,11,11,3,5,6,9,12,15,18,18,15,10,6,4,49.2343,-123.1396,
155,Vernon,BC,3600,-20,33,13,9,10,10,12,-3,0,4,9,13,17,21,20,15,8,2,-2,50.3,-119.27,
156,Victoria,BC,2650,-4,24,10,9,12,15,15,6,6,8,10,12,15,16,16,15,11,8,6,48.43,-123.37,
157,Victoria Gonzales Height,BC,2700,-4,24,7,9,12,15,15,6,6,8,10,12,15,16,16,15,11,8,6,48.42,-123.32,
158,Victoria Mt Tolmie,BC,2700,-6,24,9,8,13,7,6,6,6,8,10,13,16,19,18,16,11,7,5,48.47,-123.33,
159,West Vancouver,BC,2950,-7,28,9,10,12,5,4,4,5,7,9,12,15,18,18,15,10,6,4,49.33,-123.17,
160,Whistler,BC,4180,-17,30,14,11,9,3,5,-3,-1,2,6,10,13,16,16,12,7,1,-3,50.12,-122.96,
161,White Rock,BC,2620,-5,25,8,13,12,7,5,5,6,8,10,13,16,18,18,15,11,7,5,49.02,-122.8,
162,Williams Lake,BC,4400,-30,29,12,7,7,10,8,-7,-4,0,5,10,13,16,15,11,5,-3,-7,52.1333,-122.15,
163,Youbou,BC,3050,-5,31,12,9,10,4,9,3,4,6,8,12,15,17,18,15,10,5,3,48.88,-124.2,
164,Beausejour,MB,5680,-33,29,13,15,6,13,11,-18,-14,-6,4,12,17,19,18,12,5,-5,-15,50.0667,-96.5167,
165,Boissevain,MB,5500,-32,30,12,15,6,14,12,-17,-13,-5,4,12,17,19,18,13,6,-4,-13,49.2333,-100.05,
166,Brandon,MB,5760,-33,30,13,13,6,15,12,-17,-13,-6,4,11,16,18,18,12,4,-6,-14,49.8333,-99.95,
167,Churchill,MB,8950,-38,25,8,10,-1,22,18,-27,-25,-19,-10,-1,7,12,12,6,-1,-13,-22,58.75,-94.12,
168,Dauphin,MB,5900,-33,30,12,13,5,15,13,-16,-12,-6,4,11,16,19,18,12,5,-6,-13,51.15,-100.05,
169,Flin Flon,MB,6440,-38,27,10,12,4,9,11,-20,-15,-8,2,10,16,19,17,10,3,-8,-18,54.77,-101.88,
170,Gimli,MB,5800,-34,29,11,15,6,15,13,-17,-14,-7,3,10,16,19,18,12,5,-5,-14,50.64,-96.99,
171,Island Lake,MB,6900,-36,27,9,12,4,10,10,-22,-19,-11,-1,8,14,18,17,10,2,-8,-17,53.8667,-94.6667,
172,Lac du Bonnet,MB,5730,-34,29,12,15,6,8,8,-17,-13,-6,3,10,16,19,18,13,5,-4,-11,50.27,-96.06,
173,Lynn Lake,MB,7770,-40,27,11,11,2,11,11,-24,-20,-13,-3,6,13,16,15,8,-1,-13,-21,56.85,-101.05,
174,Morden,MB,5400,-31,30,12,16,7,13,11,-16,-12,-5,5,13,18,20,19,13,6,-4,-12,49.1833,-98.1,
175,Neepawa,MB,5760,-32,29,12,15,6,15,12,-17,-13,-6,3,12,17,19,18,12,5,-5,-14,50.2333,-99.4667,
176,Pine Falls,MB,5900,-34,28,12,16,6,9,9,-19,-15,-7,4,12,16,19,18,12,5,-5,-16,50.5667,-96.2167,
177,Portage la Prairie,MB,5600,-31,30,12,15,6,14,11,-15,-12,-5,5,12,17,20,19,12,5,-6,-13,50,-98.29,
178,Rivers,MB,5840,-34,29,14,15,6,16,15,-14,-14,-5,5,13,17,19,17,12,4,-6,-14,50.0333,-100.2333,
179,Sandilands,MB,5650,-32,29,13,15,6,15,13,-17,-12,-5,4,12,17,19,18,12,5,-6,-13,49.36,-96.3,
180,Selkirk,MB,5700,-33,29,12,15,6,13,11,-17,-13,-6,4,12,17,20,19,13,6,-5,-14,50.15,-96.8667,
181,Split Lake,MB,7900,-38,27,11,11,1,13,13,-24,-21,-13,-3,6,13,16,15,8,0,-13,-22,56.25,-96.1,
182,Steinbach,MB,5700,-33,29,13,15,6,16,14,-17,-13,-6,4,12,17,19,18,12,5,-5,-14,49.5333,-96.6833,
183,Swan River,MB,6100,-34,29,13,14,5,12,10,-17,-14,-8,3,10,15,18,17,12,4,-6,-13,52.14,-101.27,
184,The Pas,MB,6480,-36,28,10,13,5,13,13,-19,-16,-9,1,9,15,18,17,11,3,-8,-16,53.87,-101.25,
185,Thompson,MB,7600,-40,27,13,11,2,11,11,-24,-20,-12,-2,6,13,16,15,8,0,-12,-21,55.79,-97.86,
186,Virden,MB,5620,-33,30,13,15,6,16,15,-17,-12,-5,4,12,17,19,18,12,5,-5,-14,49.86,-100.93,
187,Winnipeg,MB,5670,-33,30,12,15,6,18,15,-16,-13,-6,4,12,17,20,19,13,5,-5,-13,49.89,-97.15,
188,Alma,NB,4500,-21,26,10,12,7,18,16,-7,-7,-2,4,9,14,17,17,13,8,3,-4,45.6,-64.95,
189,Bathurst,NB,5020,-23,30,11,13,7,17,12,-11,-10,-4,2,10,16,19,18,13,7,1,-8,47.6,-65.65,
190,Campbellton,NB,5500,-26,29,11,14,7,16,12,-13,-10,-4,2,9,16,19,17,12,6,0,-9,48,-66.67,
191,Edmundston,NB,5320,-27,28,12,14,7,13,9,-13,-12,-4,2,10,16,19,17,12,6,-1,-10,47.37,-68.33,
192,Fredericton,NB,4670,-24,29,12,14,8,13,10,-10,-8,-2,4,11,16,19,19,14,8,2,-6,45.95,-66.65,
193,Gagetown,NB,4460,-24,29,11,14,8,14,11,-9,-7,-2,5,11,16,20,19,14,8,2,-5,45.79,-66.16,
194,Grand Falls,NB,5300,-27,28,11,14,7,13,9,-13,-11,-5,3,11,15,18,17,12,6,-1,-10,47.05,-67.73,
195,Miramichi,NB,4950,-24,30,11,13,7,14,12,-10,-9,-3,3,10,15,19,18,13,7,0,-8,47.03,-65.47,
196,Moncton,NB,4680,-23,28,11,13,8,19,13,-9,-8,-3,3,10,15,19,18,14,8,2,-5,46.1,-64.78,
197,Oromocto,NB,4650,-24,29,11,14,8,13,11,-9,-8,-2,5,11,16,19,19,14,8,2,-5,45.84,-66.48,
198,Sackville,NB,4590,-22,27,10,13,8,19,17,-8,-7,-2,4,9,14,18,18,14,8,2,-4,45.88,-64.37,
199,Saint Andrews,NB,4680,-22,25,10,13,8,15,8,-8,-7,-2,4,10,14,17,17,13,8,3,-4,45.07,-67.05,
200,Saint George,NB,4680,-21,25,11,13,8,13,7,-8,-7,-2,5,11,16,18,18,14,8,2,-5,45.13,-66.82,
201,Saint John,NB,4570,-22,25,10,13,7,18,13,-8,-7,-2,4,10,14,17,17,13,8,3,-4,45.2667,-66.05,
202,Shippagan,NB,4930,-22,28,9,13,2,22,13,-10,-10,-4,2,9,15,19,18,14,7,1,-5,47.73,-64.7,
203,St. Stephen,NB,4700,-24,28,13,14,7,8,6,-8,-7,-2,5,11,16,18,18,14,8,2,-5,45.2,-67.28,
204,Woodstock,NB,4910,-26,30,13,13,8,13,10,-12,-10,-3,4,11,16,19,18,13,7,0,-8,46.16,-67.6,
205,Argentia,NL,4600,-12,21,5,12,8,29,18,-3,-3,-1,3,6,10,14,16,13,9,5,1,47.3,-53.98,
206,Bonavista,NL,5000,-14,24,7,12,7,39,25,-5,-5,-3,1,6,10,15,16,12,8,3,-1,48.65,-53.12,
207,Buchans,NL,5250,-24,27,9,12,6,24,17,-8,-9,-5,1,7,12,16,16,11,5,0,-5,48.8167,-56.8667,
208,Cape Harrison,NL,6900,-29,26,8,7,5,24,17,-16,-15,-10,-3,3,7,12,12,9,3,-3,-10,54.78,-57.95,
209,Cape Race,NL,4900,-11,19,5,13,7,34,22,-3,-4,-2,1,4,8,12,15,12,8,4,0,46.65,-53.07,
210,Channel-Port aux Basques,NL,5000,-13,19,6,13,7,32,19,-5,-6,-3,1,5,9,14,15,12,7,3,-2,47.57,-59.15,
211,Corner Brook,NL,4760,-16,26,9,12,8,12,9,-7,-7,-4,2,8,13,17,17,13,7,2,-3,48.95,-57.95,
212,Gander,NL,5110,-18,27,9,12,7,24,17,-7,-7,-4,2,7,12,16,16,12,6,1,-4,48.98,-54.59,
213,Grand Bank,NL,4550,-14,20,7,12,8,29,18,-4,-5,-2,2,6,11,15,16,13,8,4,0,47.1,-55.77,
214,Grand Falls,NL,5020,-26,27,11,12,7,24,17,-8,-8,-4,2,8,13,17,17,12,6,1,-4,48.93,-55.67,
215,Happy Valley-Goose Bay,NL,6670,-31,27,10,11,5,17,13,-18,-16,-9,-1,6,11,15,15,10,3,-4,-13,53.32,-60.37,
216,Labrador City,NL,7710,-36,24,10,9,3,14,13,-23,-21,-14,-5,4,10,14,12,7,0,-9,-19,52.95,-66.92,
217,St. Anthony,NL,6440,-25,22,7,11,5,27,20,-11,-11,-7,-1,4,8,13,14,10,4,-1,-7,51.37,-55.58,
218,St. John's,NL,4800,-15,24,8,13,7,28,21,-5,-5,-3,2,6,11,16,16,12,7,3,-2,47.57,-52.72,
219,Stephenville,NL,4850,-16,24,7,12,8,25,14,-6,-7,-4,3,8,12,16,17,13,8,3,-2,48.55,-58.58,
220,Twin Falls,NL,7790,-35,24,9,9,4,14,12,-22,-21,-13,-4,4,10,14,13,8,1,-8,-17,53.5,-64.53,
221,Wabana,NL,4750,-15,24,8,13,7,27,20,-5,-5,-3,2,6,11,16,16,12,7,3,-2,47.63,-52.95,
222,Wabush,NL,7710,-36,24,10,9,3,14,13,-23,-21,-14,-5,4,10,14,12,7,0,-9,-19,52.92,-66.87,
223,Amherst,NS,4500,-21,27,9,13,8,19,17,-8,-6,-2,4,10,15,18,18,14,8,3,-3,45.83,-64.2,
224,Antigonish,NS,4510,-17,27,11,13,8,18,15,-7,-5,-2,4,9,14,19,18,14,8,4,-2,45.62,-62,
225,Bridgewater,NS,4140,-15,27,13,12,7,19,15,-5,-5,0,5,10,15,19,19,14,8,4,-2,44.38,-64.52,
226,Canso,NS,4400,-13,25,6,13,8,23,17,-3,-4,-1,3,7,12,17,18,16,10,5,1,45.33,-61,
227,Dartmouth,NS,4100,-16,26,8,12,8,18,11,-5,-4,-1,4,9,14,18,18,15,10,5,-1,44.67,-63.57,
228,Debert,NS,4500,-21,27,12,13,7,17,12,-7,-6,-2,4,10,15,19,18,14,8,3,-4,45.43,-63.47,
229,Digby,NS,4020,-15,25,9,13,9,18,14,-4,-4,0,5,11,15,18,18,14,9,5,-1,44.62,-65.77,
230,Greenwood (CFB),NS,4140,-18,29,11,14,7,18,12,-5,-5,-1,5,11,16,20,19,15,9,4,-2,44.98,-64.9,
231,Halifax,NS,4000,-16,26,8,12,8,18,11,-5,-4,-1,4,9,14,18,18,15,10,5,-1,44.65,-63.6,
232,Kentville,NS,4130,-18,28,11,13,9,12,8,-4,-3,0,5,11,17,20,19,16,9,4,-1,45.08,-64.5,
233,Liverpool,NS,3990,-16,27,7,12,9,22,15,-4,-3,0,4,8,12,15,16,14,10,5,0,44.03,-64.72,
234,Lockeport,NS,4000,-14,25,6,13,9,22,15,2,2,1,0,-1,-1,-2,-1,0,1,1,2,43.7,-65.12,
235,Louisburg,NS,4530,-15,26,8,12,8,22,18,-5,-5,-2,2,7,12,16,17,14,9,4,-2,45.92,-59.98,
236,Lunenburg,NS,4140,-15,26,7,12,8,22,15,-4,-3,0,4,8,12,15,16,14,10,5,0,44.38,-64.32,
237,New Glasgow,NS,4320,-19,27,11,13,7,19,15,-7,-7,-2,3,10,16,19,18,14,8,3,-3,45.58,-62.65,
238,North Sydney,NS,4500,-16,27,10,13,8,21,16,-5,-6,-3,2,8,13,18,18,14,9,4,-2,46.22,-60.25,
239,Pictou,NS,4310,-19,27,10,13,8,19,15,-7,-7,-2,3,9,16,19,19,14,8,3,-2,45.68,-62.72,
240,Port Hawkesbury,NS,4500,-17,27,9,13,8,19,13,-6,-8,-3,3,8,14,18,18,14,9,4,-3,45.62,-61.35,
241,Springhill,NS,4540,-20,27,9,13,7,19,17,-7,-7,-3,3,10,15,19,18,14,8,2,-4,45.65,-64.05,
242,Stewiacke,NS,4400,-20,27,11,13,7,19,14,-5,-4,-1,5,11,15,19,19,14,8,3,-2,45.13,-63.35,
243,Sydney,NS,4530,-16,27,9,13,8,21,16,-5,-6,-3,2,8,13,18,18,14,9,4,-2,46.15,-60.18,
244,Tatamagouche,NS,4380,-20,27,11,13,8,19,15,-7,-6,-2,3,10,16,19,19,14,8,3,-3,45.72,-63.3,
245,Truro,NS,4500,-20,27,12,13,7,14,10,-7,-7,-2,4,10,15,18,18,13,8,3,-4,45.37,-63.27,
246,Wolfville,NS,4140,-19,28,11,13,9,12,8,-4,-3,0,5,11,17,20,19,16,9,4,-1,45.08,-64.37,
247,Yarmouth,NS,3990,-14,22,7,13,9,22,14,-3,-3,0,5,10,14,17,17,14,10,5,0,43.83,-66.12,
248,Aklavik,NT,9600,-42,26,9,8,-2,7,11,-27,-25,-21,-13,0,11,14,11,4,-8,-21,-26,68.23,-135.01,
249,Echo Bay / Port Radium,NT,9300,-42,22,8,9,-1,9,9,-29,-28,-21,-11,3,12,13,10,5,-2,-15,-23,66.05,-117.88,
250,Fort Good Hope,NT,8700,-43,28,11,9,0,4,8,-27,-23,-20,-6,5,15,17,13,7,-4,-19,-23,66.29,-128.63,
251,Fort McPherson,NT,9150,-44,26,9,8,-2,7,11,-28,-24,-20,-10,2,13,15,12,4,-8,-21,-25,67.43,-134.88,
252,Fort Providence,NT,7620,-40,28,13,9,3,5,7,-24,-19,-14,-2,6,14,17,14,9,-1,-12,-20,61.35,-117.65,
253,Fort Resolution,NT,7750,-40,26,11,10,2,12,11,-25,-21,-15,-3,6,13,16,14,7,0,-10,-21,61.19,-113.67,
254,Fort Simpson,NT,7660,-42,28,11,10,2,8,9,-25,-20,-13,0,8,15,17,15,8,-2,-16,-22,61.93,-121.35,
255,Fort Smith,NT,7300,-41,28,11,10,3,10,10,-23,-19,-12,0,8,14,17,14,8,0,-12,-19,60,-111.88,
256,Hay River,NT,7550,-38,27,9,9,3,12,12,-22,-20,-14,-3,5,12,16,14,9,0,-12,-18,60.85,-115.7333,
257,Inuvik,NT,9600,-43,26,9,8,-2,7,11,-27,-26,-22,-12,0,12,14,11,4,-8,-21,-24,68.35,-133.72,
258,Mould Bay,NT,12900,-44,11,4,5,-9,14,18,-34,-34,-31,-24,-11,0,4,1,-6,-18,-28,-31,76.23,-119.33,
259,Norman Wells,NT,8510,-43,28,10,9,0,10,12,-26,-24,-18,-6,6,15,17,14,7,-5,-19,-23,65.2833,-126.85,
260,Rae-Edzo,NT,8300,-42,25,9,9,0,12,14,-27,-21,-18,-6,4,13,16,13,7,-3,-14,-22,62.83,-116.05,
261,Tungsten,NT,7700,-49,26,11,7,2,11,9,-20,-18,-13,-4,3,9,12,9,4,-3,-15,-19,61.95,-128.27,
262,Ulukhaqtuuq / Holman,NT,10700,-39,18,6,6,-5,19,18,-29,-28,-25,-17,-7,5,9,7,0,-9,-20,-26,70.73,-117.75,
263,Wrigley,NT,8050,-42,28,13,9,0,8,9,-27,-23,-16,-2,8,15,17,13,7,-4,-19,-25,63.23,-123.47,
264,Yellowknife,NT,8170,-41,25,8,9,1,12,14,-26,-23,-17,-5,4,13,17,14,7,-2,-14,-22,62.48,-114.35,
265,Alert,NU,13030,-43,13,4,5,-10,7,12,-32,-33,-33,-25,-12,-1,3,1,-8,-19,-26,-30,82.48,-62.25,
266,Arctic Bay,NU,11900,-42,14,7,6,-7,7,13,-31,-32,-29,-20,-8,3,6,4,-2,-12,-24,-31,73.03,-85.17,
267,Arviat,NU,9850,-40,22,7,9,-3,24,18,-30,-28,-23,-14,-4,4,11,11,4,-4,-16,-25,61.12,-94.05,
268,Baker Lake,NU,10700,-42,23,7,7,-5,24,17,-32,-31,-26,-17,-6,5,11,10,3,-7,-20,-27,64.32,-96.02,
269,Eureka,NU,13500,-47,12,4,5,-10,8,18,-37,-38,-37,-27,-10,3,6,3,-6,-21,-30,-34,79.9833,-85.95,
270,Igluligaarjuk / Chesterfield Inl,NU,10500,-40,20,7,8,-4,24,17,-32,-31,-25,-16,-6,4,11,9,3,-5,-17,-25,63.33,-90.7,
271,Iqaluit,NU,9980,-40,17,6,7,-3,15,12,-27,-28,-24,-14,-4,4,8,7,3,-4,-12,-21,63.73,-68.5,
272,Iqaluktuuttiaq / Cambridge Bay,NU,11670,-41,18,6,7,-7,22,20,-33,-33,-29,-21,-9,3,9,7,0,-11,-23,-29,69.12,-105.03,
273,Isachsen,NU,13600,-46,12,6,6,-11,14,16,-35,-37,-35,-27,-13,-1,3,0,-9,-20,-29,-34,78.78,-103.53,
274,Kangiqiniq / Rankin Inlet,NU,10500,-41,21,6,8,-4,24,19,-31,-30,-25,-16,-6,4,10,10,4,-5,-17,-26,62.82,-92.08,
275,Kanngiqtugaapik / Clyde River,NU,11300,-40,14,7,6,-6,15,13,-28,-30,-27,-19,-9,1,4,4,0,-8,-17,-25,70.45,-68.57,
276,Kugluktuk / Coppermine,NU,10300,-41,23,7,9,-4,19,14,-28,-28,-25,-17,-6,5,11,9,3,-7,-19,-25,67.83,-115.08,
277,Nottingham Island,NU,10000,-37,16,6,8,-3,15,15,-25,-26,-22,-14,-6,2,7,6,2,-4,-12,-20,63.1,-78,
278,Resolute,NU,12360,-42,11,4,6,-8,20,21,-32,-33,-30,-22,-10,0,4,2,-4,-14,-23,-29,74.68,-94.9,
279,Resolution Island,NU,9000,-32,12,4,7,-1,39,28,-20,-21,-17,-10,-4,1,6,5,1,-3,-7,-13,61.3,-64.8833,
280,Salliq / Coral Harbour,NU,10720,-41,20,7,8,-4,19,17,-30,-31,-25,-16,-7,3,10,8,2,-6,-17,-25,64.13,-83.17,
281,Ailsa Craig,ON,3840,-17,30,12,15,10,19,11,-6,-5,0,7,14,19,21,20,16,10,3,-3,43.13,-81.55,
282,Ajax,ON,3820,-20,30,10,15,10,17,10,-5,-4,0,6,12,17,20,20,15,9,4,-2,43.85,-79.03,
283,Alexandria,ON,4600,-24,30,11,15,9,12,8,-11,-11,-4,4,12,18,20,19,15,9,0,-8,45.32,-74.63,
284,Alliston,ON,4200,-23,29,12,15,9,12,10,-7,-6,-1,6,13,18,21,20,15,9,3,-3,44.15,-79.87,
285,Almonte,ON,4620,-26,30,12,15,9,13,9,-11,-8,-3,4,13,17,20,18,14,6,1,-8,45.23,-76.2,
286,Armstrong,ON,6500,-37,28,13,13,9,8,9,-18,-16,-8,0,7,14,17,15,11,3,-6,-13,50.3,-89.03,
287,Arnprior,ON,4680,-27,30,12,15,5,14,10,-12,-10,-3,5,13,18,21,19,14,8,1,-7,45.43,-76.35,
288,Atikokan,ON,5750,-33,29,12,14,9,7,7,-15,-12,-5,3,10,16,19,17,13,5,-3,-11,48.75,-91.62,
289,Attawapiskat,ON,7100,-37,28,13,13,6,13,13,-22,-19,-10,-3,5,12,15,14,9,3,-5,-17,52.93,-82.43,
290,Aurora,ON,4210,-21,30,10,15,9,14,10,-8,-7,-2,6,13,18,20,19,15,8,2,-4,44,-79.47,
291,Bancroft,ON,4740,-28,29,14,15,8,7,6,-10,-8,-3,4,11,16,18,17,13,6,0,-6,45.05,-77.85,
292,Barrie,ON,4380,-24,29,11,15,9,13,8,-8,-7,-2,5,12,17,20,19,15,9,2,-4,44.4,-79.67,
293,Barriefield,ON,3990,-22,28,9,16,10,19,13,-7,-6,-1,7,13,18,21,20,16,9,3,-3,44.23,-76.47,
294,Beaverton,ON,4300,-24,30,8,15,9,17,15,-9,-7,-3,5,12,18,20,20,16,9,3,-3,44.43,-79.15,
295,Belleville,ON,3910,-22,29,10,15,10,17,12,-7,-6,-1,7,14,19,22,21,16,9,3,-3,44.1667,-77.3833,
296,Belmont,ON,3840,-17,30,10,16,10,19,11,-7,-7,0,6,13,18,21,20,16,9,3,-3,42.88,-81.08,
297,Bracebridge,ON,4800,-26,29,12,15,8,15,12,-9,-9,-2,4,13,16,20,18,13,7,1,-6,45.03,-79.3,
298,Bradford,ON,4280,-23,30,12,15,9,12,10,-7,-6,-1,6,12,17,20,19,15,8,2,-4,44.12,-79.57,
299,Brampton,ON,4100,-19,30,11,15,9,18,13,-6,-6,-1,7,14,19,22,20,15,9,4,-3,43.68,-79.77,
300,Brantford,ON,3900,-18,30,11,15,10,15,12,-6,-5,0,7,14,19,21,20,16,9,4,-3,43.13,-80.27,
301,Brighton,ON,4000,-21,29,10,15,10,17,12,-6,-4,0,6,11,17,20,20,16,9,4,-1,44.03,-77.73,
302,Brockville,ON,4060,-23,29,10,15,10,18,13,-8,-7,-1,6,13,18,21,20,15,9,3,-4,44.59,-75.68,
303,Burk's Falls,ON,5020,-26,29,13,14,8,12,10,-13,-10,-5,3,11,15,17,17,12,6,0,-8,45.62,-79.4,
304,Burlington,ON,3740,-17,31,7,14,10,15,11,-3,-2,1,7,13,19,22,21,18,11,6,0,43.32,-79.8,
305,Cambridge,ON,4100,-18,29,12,15,10,15,10,-7,-6,-1,6,13,18,20,19,15,9,3,-4,43.38,-80.32,
306,Campbellford,ON,4280,-23,30,12,15,9,13,9,-5,-6,-1,7,14,19,21,20,15,9,2,-5,44.3,-77.8,
307,Cannington,ON,4310,-24,30,11,15,9,13,9,-7,-7,-2,5,12,18,20,19,15,8,2,-5,44.35,-79.03,
308,Carleton Place,ON,4600,-25,30,13,15,9,13,9,-10,-8,-2,6,13,18,21,19,14,8,1,-6,45.13,-76.15,
309,Cavan,ON,4400,-23,30,12,15,9,13,9,-8,-6,-2,6,12,17,19,19,15,8,2,-3,44.2,-78.47,
310,Centralia,ON,3800,-17,30,11,15,10,19,11,-6,-6,0,6,13,18,20,19,15,9,3,-3,43.28,-81.47,
311,CFB Borden,ON,4300,-23,29,13,15,8,12,10,-5,-6,-2,6,13,17,20,19,14,8,2,-5,44.27,-79.88,
312,Chapleau,ON,5900,-35,27,12,13,6,10,12,-16,-13,-7,1,9,14,17,16,11,4,-4,-12,47.83,-83.4,
313,Chatham,ON,3470,-16,31,10,16,11,17,13,-4,-2,2,8,15,20,22,21,18,11,5,-1,42.4,-82.18,
314,Chesley,ON,4320,-19,29,12,14,9,17,10,-7,-7,-2,5,11,16,19,18,14,8,2,-4,44.28,-81.08,
315,Clinton,ON,4150,-17,29,12,15,9,19,12,-6,-6,-1,6,13,17,20,19,15,9,3,-3,43.62,-81.53,
316,Coboconk,ON,4500,-25,30,11,15,8,13,9,-10,-9,-3,5,13,17,20,19,14,8,1,-6,44.65,-78.8,
317,Cobourg,ON,3980,-21,29,7,15,10,15,8,-6,-4,0,6,11,17,20,20,16,9,4,-1,43.97,-78.17,
318,Cochrane,ON,6200,-34,29,13,12,6,12,11,-18,-16,-9,1,9,14,17,15,10,4,-4,-15,49.07,-81.02,
319,Colborne,ON,3980,-21,29,7,15,10,16,10,-6,-4,0,6,11,17,20,20,16,9,4,-1,44,-77.88,
320,Collingwood,ON,4180,-21,29,8,15,8,15,10,-5,-5,-1,6,11,18,21,20,16,10,4,-2,44.48,-80.22,
321,Cornwall,ON,4250,-23,30,10,15,9,17,13,-9,-7,-1,6,14,19,22,20,16,9,3,-5,45.03,-74.73,
322,Corunna,ON,3600,-16,31,11,16,10,18,13,-5,-4,1,8,14,19,22,21,17,11,4,-2,42.88,-82.43,
323,Deep River,ON,4900,-29,30,12,13,8,11,9,-12,-10,-3,5,13,17,20,19,14,7,0,-8,46.1,-77.5,
324,Deseronto,ON,4070,-22,29,12,15,10,18,13,-8,-6,-1,6,13,18,20,20,15,9,3,-3,44.2,-77.05,
325,Dorchester,ON,3900,-18,30,10,16,10,19,11,-5,-5,0,7,13,18,21,20,16,9,4,-2,42.98,-81.07,
326,Dorion,ON,5950,-33,28,13,13,6,12,10,-18,-14,-7,1,9,13,16,15,10,5,-3,-13,48.78,-88.53,
327,Dresden,ON,3750,-16,31,11,16,11,17,13,-6,-5,1,7,14,19,21,20,16,10,4,-2,42.58,-82.18,
328,Dryden,ON,5850,-34,28,11,14,6,12,12,-23,-19,-12,-3,5,10,13,12,6,1,-9,-19,49.78,-92.75,
329,Dundalk,ON,4700,-22,29,11,14,8,15,10,-9,-8,-4,4,11,15,18,17,13,7,1,-5,44.1703,-80.3936,
330,Dunnville,ON,3660,-15,30,11,16,10,18,11,-6,-5,0,6,13,18,21,20,16,10,4,-2,42.9,-79.62,
331,Durham,ON,4340,-20,29,11,14,9,17,10,-8,-7,-2,5,12,17,19,19,14,8,2,-4,44.17,-80.82,
332,Dutton,ON,3700,-16,31,12,16,10,17,11,-6,-4,1,7,13,19,21,20,16,11,4,-2,42.67,-81.5,
333,Earlton,ON,5730,-33,29,12,14,6,14,13,-16,-12,-7,3,10,15,18,16,12,5,-3,-13,47.72,-79.82,
334,Edison,ON,5740,-34,28,14,14,6,12,12,-20,-16,-8,1,10,15,18,16,10,4,-5,-16,49.8,-93.55,
335,Elliot Lake,ON,4950,-26,29,11,12,7,11,11,-11,-10,-4,4,11,17,19,18,13,6,-1,-7,46.3811,-82.6572,
336,Elmvale,ON,4200,-24,29,12,15,8,12,7,-7,-7,-2,5,12,17,20,19,14,8,2,-4,44.58,-79.87,
337,Embro,ON,3950,-19,30,12,15,10,17,11,-6,-5,0,6,13,18,20,20,15,9,3,-3,43.15,-80.9,
338,Englehart,ON,5800,-33,29,12,14,6,14,13,-16,-12,-7,3,10,15,18,16,12,5,-3,-13,47.82,-79.87,
339,Espanola,ON,4920,-25,29,14,12,8,16,13,-12,-11,-5,4,11,16,19,17,12,6,0,-9,46.25,-81.77,
340,Etobicoke,ON,3800,-20,31,10,16,10,18,12,-5,-4,0,7,13,19,22,20,16,10,4,-2,43.7,-79.57,
341,Exeter,ON,3900,-17,30,11,15,10,19,12,-6,-6,0,6,13,18,20,19,15,9,3,-3,43.35,-81.48,
342,Fenelon Falls,ON,4440,-25,30,12,15,9,13,9,-9,-7,-2,5,12,18,20,18,14,9,2,-4,44.53,-78.75,
343,Fergus,ON,4300,-20,29,10,15,9,16,10,-8,-7,-2,5,12,17,20,19,14,8,2,-5,43.7,-80.37,
344,Forest,ON,3740,-16,31,11,14,10,19,12,-4,-4,1,7,13,19,21,20,16,10,4,-2,43.1,-82,
345,Fort Erie,ON,3650,-15,30,10,16,10,24,15,-5,-4,0,6,12,18,21,20,16,10,5,-1,42.9,-78.93,
346,Fort Erie (Ridgeway),ON,3600,-15,30,10,16,10,24,15,-5,-4,0,6,12,18,21,20,16,10,5,-1,42.88,-79.05,
347,Fort Frances,ON,5440,-33,29,12,14,7,10,9,-16,-12,-4,4,12,17,20,18,12,6,-3,-12,48.61,-93.39,
348,Gananoque,ON,4010,-22,28,9,16,10,18,13,-7,-6,-1,7,13,18,21,20,16,9,3,-3,44.33,-76.17,
349,Geraldton,ON,6450,-36,28,12,13,5,11,11,-19,-15,-9,1,9,14,17,16,10,3,-6,-14,49.73,-86.95,
350,Glencoe,ON,3680,-16,31,12,16,11,17,10,-6,-4,1,7,13,19,21,20,16,11,4,-2,42.75,-81.72,
351,Goderich,ON,4000,-16,29,9,15,9,21,12,-4,-4,0,6,12,17,20,19,16,10,5,-1,43.75,-81.72,
352,Gore Bay,ON,4700,-24,28,9,14,8,18,14,-9,-8,-4,4,11,16,19,19,15,8,2,-4,45.92,-82.47,
353,Graham,ON,5940,-35,29,13,14,6,8,7,-19,-15,-8,1,10,15,18,16,10,4,-5,-15,49.25,-90.57,
354,Gravenhurst (Muskoka Airport),ON,4760,-26,29,12,15,8,15,12,-10,-9,-3,4,12,16,19,18,13,7,1,-7,44.92,-79.37,
355,Grimsby,ON,3520,-16,30,11,15,10,21,13,-4,-4,1,7,14,19,22,21,17,10,5,-1,43.2,-79.57,
356,Guelph,ON,4270,-19,29,12,15,9,15,10,-8,-7,-1,6,12,17,20,19,14,8,2,-4,43.55,-80.25,
357,Guthrie,ON,4300,-24,29,11,15,9,13,8,-8,-7,-2,5,12,17,20,19,15,9,2,-4,44.47,-79.55,
358,Haileybury,ON,5600,-32,30,10,13,7,13,12,-15,-12,-6,2,11,17,20,18,13,7,-1,-10,47.45,-79.63,
359,Haldimand (Caledonia),ON,3750,-18,30,12,15,9,20,13,-5,-4,0,7,13,19,21,20,16,10,3,-2,43.07,-79.93,
360,Haldimand (Hagersville),ON,3760,-17,30,11,15,10,18,11,-4,-4,1,7,14,19,21,20,16,10,4,-2,42.97,-80.05,
361,Haliburton,ON,4840,-27,29,12,15,8,11,10,-11,-9,-4,4,12,16,19,18,13,7,1,-7,45.05,-78.52,
362,Halton Hills (Georgetown),ON,4200,-19,30,14,15,9,18,12,-7,-6,-1,6,12,17,20,19,14,8,2,-3,43.65,-79.92,
363,Hamilton,ON,3460,-17,31,10,14,10,17,13,-5,-4,0,7,13,19,22,21,16,10,4,-2,43.25,-79.86,
364,Hanover,ON,4300,-19,29,13,14,9,17,10,-7,-7,-2,5,12,17,19,19,14,8,2,-4,44.15,-81.03,
365,Hastings,ON,4280,-24,30,12,15,9,13,9,-8,-7,-1,6,12,18,20,20,14,9,2,-4,44.3,-77.95,
366,Hawkesbury,ON,4610,-25,30,12,15,9,12,8,-11,-9,-3,5,13,18,20,19,14,7,0,-8,45.6,-74.62,
367,Hearst,ON,6450,-35,29,13,12,5,10,10,-19,-15,-9,0,8,15,17,16,12,4,-5,-12,49.68,-83.67,
368,Honey Harbour,ON,4300,-24,29,10,15,8,9,6,-8,-7,-2,5,12,18,21,20,16,9,3,-3,44.87,-79.82,
369,Hornepayne,ON,6340,-37,28,15,13,5,9,9,-20,-16,-9,0,9,13,16,14,9,4,-4,-15,49.22,-84.78,
370,Huntsville,ON,4850,-26,29,11,14,8,15,12,-10,-9,-3,5,12,17,19,18,14,8,1,-6,45.33,-79.22,
371,Ingersoll,ON,3920,-18,30,10,15,10,19,11,-6,-5,0,6,13,18,21,20,16,9,3,-3,43.03,-80.88,
372,Iroquois Falls,ON,6100,-33,29,14,12,5,12,11,-18,-16,-9,1,9,15,17,16,10,4,-4,-14,48.77,-80.68,
373,Jellicoe,ON,6400,-36,28,12,13,5,11,11,-19,-15,-9,1,9,14,17,16,10,3,-6,-14,49.68,-87.52,
374,Kapuskasing,ON,6250,-34,29,12,12,5,13,11,-18,-15,-8,1,9,15,17,16,11,4,-4,-13,49.42,-82.43,
375,Kemptville,ON,4540,-25,30,12,15,9,11,8,-10,-9,-3,6,13,18,20,19,14,8,1,-7,45.02,-75.64,
376,Kenora,ON,5630,-33,28,9,14,6,13,13,-16,-12,-5,4,11,17,20,19,13,5,-5,-13,49.82,-94.43,
377,Killaloe,ON,4960,-28,30,14,13,8,12,10,-12,-10,-4,-5,12,17,19,18,13,8,1,-8,45.55,-77.42,
378,Kincardine,ON,3890,-17,28,10,14,10,21,12,-5,-4,0,5,12,18,19,19,15,10,3,-2,44.18,-81.63,
379,Kingston,ON,4000,-22,28,9,16,10,19,13,-7,-6,-1,7,13,18,21,20,16,9,3,-3,44.23,-76.48,
380,Kinmount,ON,4600,-26,29,13,15,9,13,9,-10,-9,-3,5,12,16,19,18,13,7,1,-6,44.78,-78.65,
381,Kirkland Lake,ON,6000,-33,29,12,14,6,13,12,-17,-15,-8,1,10,15,18,16,11,5,-4,-13,48.15,-80.03,
382,Kitchener,ON,4200,-19,29,12,15,9,15,10,-7,-6,-1,6,13,17,20,19,14,8,2,-4,43.45,-80.48,
383,Kitchenuhmaykoosib,ON,7450,-38,26,11,12,3,14,15,-22,-20,-12,-3,6,13,16,15,9,2,-8,-17,53.83,-90,
384,Lakefield,ON,4330,-24,30,12,15,9,13,9,-8,-7,-1,6,13,18,20,19,15,8,2,-5,44.43,-78.27,
385,Lansdowne House,ON,7150,-38,28,10,13,5,14,14,-21,-18,-11,-1,7,14,17,16,10,3,-7,-16,52.23,-87.88,
386,Leamington,ON,3400,-15,31,9,16,11,15,9,-5,-4,1,7,14,19,22,21,17,11,5,-1,42.08,-82.57,
387,Lindsay,ON,4320,-24,30,12,15,9,12,10,-9,-7,-2,6,13,17,20,19,14,8,2,-5,44.35,-78.73,
388,Lion's Head,ON,4300,-19,27,10,15,8,19,12,-6,-6,-2,5,11,16,19,18,15,9,3,-3,44.98,-81.25,
389,Listowel,ON,4300,-19,29,11,15,9,17,11,-6,-7,-1,5,12,17,19,19,14,8,2,-4,43.73,-80.95,
390,London,ON,3900,-18,30,10,16,10,19,11,-5,-5,0,7,13,18,21,20,16,9,4,-2,42.98,-81.23,
391,Lucan,ON,3900,-17,30,12,15,10,19,11,-6,-5,0,7,14,19,21,20,16,10,3,-3,43.18,-81.4,
392,Maitland,ON,4080,-23,29,10,15,10,18,13,-8,-7,-1,6,13,18,21,20,15,9,3,-4,44.63,-75.62,
393,Markdale,ON,4500,-20,29,11,14,8,17,10,-8,-7,-3,4,11,17,18,18,13,8,1,-5,44.32,-80.65,
394,Markham,ON,4000,-21,31,11,16,10,15,11,-6,-5,-1,6,13,19,21,20,16,9,3,-3,43.87,-79.27,
395,Martin,ON,5900,-35,29,13,14,6,8,7,-19,-15,-8,1,10,15,18,16,10,4,-5,-15,49.25,-91.13,
396,Matheson,ON,6080,-33,29,13,12,6,12,11,-17,-15,-8,1,10,15,18,16,11,5,-4,-13,48.53,-80.47,
397,Mattawa,ON,5050,-29,30,12,13,8,12,10,-12,-12,-5,2,11,16,19,18,13,8,0,-8,46.32,-78.7,
398,Midland,ON,4200,-24,29,10,15,8,9,6,-9,-7,-2,6,13,18,21,20,15,9,3,-4,44.75,-79.88,
399,Milton,ON,3920,-18,30,12,15,10,15,11,-7,-6,-1,6,12,17,20,19,15,9,3,-3,43.52,-79.88,
400,Milverton,ON,4200,-19,29,11,15,9,17,11,-6,-7,-1,5,12,17,19,19,14,8,2,-4,43.57,-80.92,
401,Minden,ON,4640,-27,29,14,15,8,14,10,-10,-9,-3,5,12,16,19,18,13,7,1,-6,44.92,-78.73,
402,Mississauga,ON,3880,-18,30,9,15,10,18,12,-5,-4,0,6,12,17,21,20,16,10,5,-1,43.58,-79.65,
403,Mississauga (LBP Int'l Airport),ON,3890,-20,31,10,16,10,18,12,-5,-4,0,7,13,19,22,20,16,10,4,-2,43.68,-79.61,
404,Mississauga (Port Credit),ON,3780,-18,29,9,15,10,23,12,-5,-4,0,6,12,17,21,20,16,10,5,-1,43.55,-79.58,
405,Mitchell,ON,4100,-18,29,12,15,9,17,11,-7,-7,-1,6,13,17,20,19,15,8,2,-4,43.47,-81.2,
406,Moosonee,ON,6800,-36,28,12,14,5,11,11,-20,-17,-11,-2,7,13,16,16,11,5,-4,-13,51.32,-80.72,
407,Morrisburg,ON,4370,-23,30,12,15,9,18,13,-10,-9,-2,6,13,18,20,19,14,8,2,-6,44.9,-75.18,
408,Mount Forest,ON,4700,-21,28,10,14,9,16,18,-7,-7,-2,5,11,17,19,18,14,8,2,-4,43.98,-80.73,
409,Nakina,ON,6500,-36,28,12,13,5,11,11,-19,-15,-9,1,9,14,17,16,10,3,-6,-14,50.17,-86.7,
410,Nanticoke (Jarvis),ON,3700,-17,30,11,15,10,17,11,-6,-5,0,6,13,18,21,20,16,9,4,-3,42.88,-80.1,
411,Nanticoke (Port Dover),ON,3600,-15,30,10,16,10,17,11,-6,-5,0,6,13,18,21,20,16,10,4,-2,42.78,-80.2,
412,Napanee,ON,4140,-22,29,12,15,9,18,13,-8,-6,-1,6,13,18,20,20,15,9,3,-3,44.25,-76.95,
413,New Liskeard,ON,5570,-32,30,13,13,7,13,12,-16,-15,-7,1,10,16,19,16,11,6,-2,-12,47.5,-79.67,
414,Newcastle,ON,3990,-20,30,11,15,9,15,8,-6,-5,0,6,12,17,20,19,15,8,3,-3,43.92,-78.58,
415,Newcastle (Bowmanville),ON,4000,-20,30,11,15,10,15,8,-6,-5,0,6,12,17,20,19,15,8,3,-3,43.91,-78.68,
416,Newmarket,ON,4260,-22,30,11,15,9,13,10,-7,-6,-1,6,12,17,20,19,15,8,2,-4,44.05,-79.47,
417,Niagara Falls,ON,3600,-16,30,10,15,10,21,13,-4,-4,1,7,14,19,22,21,17,11,5,-1,43.1,-79.07,
418,North Bay,ON,5150,-28,28,9,14,7,14,11,-12,-10,-5,4,11,16,19,18,13,6,-1,-8,46.32,-79.47,
419,North York,ON,3760,-20,31,12,16,10,18,13,-7,-6,-1,6,13,18,21,20,15,9,3,-3,43.77,-79.42,
420,Norwood,ON,4320,-24,30,12,15,9,13,9,-9,-9,-2,5,13,17,20,19,14,8,2,-6,44.38,-77.98,
421,Oakville,ON,3760,-18,30,11,15,10,23,12,-5,-4,0,6,12,18,21,20,16,9,4,-2,43.45,-79.68,
422,Orangeville,ON,4450,-21,29,12,15,8,14,10,-8,-7,-2,5,12,17,19,18,14,8,2,-5,43.92,-80.1,
423,Orillia,ON,4260,-25,29,10,15,8,14,10,-8,-8,-2,6,13,17,21,19,15,8,2,-5,44.62,-79.42,
424,Oshawa,ON,3860,-19,30,11,15,10,15,9,-6,-5,1,7,14,18,21,20,16,9,4,-3,43.9,-78.85,
425,Ottawa (Barrhaven),ON,4500,-25,30,10,15,9,15,10,-10,-8,-2,6,13,19,21,20,15,8,2,-6,45.28,-75.76,
426,Ottawa (city hall),ON,4440,-25,30,11,15,10,12,9,-10,-9,-2,6,14,18,21,20,15,8,2,-7,45.42,-75.69,
427,Ottawa (Kanata),ON,4520,-25,30,10,15,9,15,10,-11,-10,-3,6,13,18,21,19,15,11,1,-7,45.31,-75.91,
428,Ottawa (M-C Int'l Airport),ON,4500,-25,30,10,15,9,15,10,-10,-8,-2,6,13,19,21,20,15,8,2,-6,45.32,-75.67,
429,Ottawa (Orleans),ON,4500,-26,30,11,15,8,14,12,-11,-10,-3,5,13,18,21,19,14,8,1,-7,45.48,-75.52,
430,Owen Sound,ON,4030,-19,29,10,14,9,17,10,-6,-6,-1,5,11,16,20,19,15,10,3,-2,44.57,-80.93,
431,Pagwa River,ON,6500,-35,28,13,13,5,10,10,-19,-15,-9,0,8,15,17,16,12,4,-5,-12,50.02,-85.22,
432,Paris,ON,4000,-18,30,11,15,10,15,12,-6,-5,0,7,14,19,21,20,16,9,4,-3,43.2,-80.38,
433,Parkhill,ON,3800,-16,31,11,14,10,19,11,-5,-4,1,7,13,19,21,20,16,10,4,-2,43.15,-81.68,
434,Parry Sound,ON,4640,-24,28,9,14,8,10,10,-9,-7,-2,6,12,16,20,19,15,8,2,-5,45.35,-80.03,
435,Pelham (Fonthill),ON,3690,-15,30,9,15,11,13,8,-5,-4,1,7,14,19,21,21,17,10,4,-2,43.03,-79.28,
436,Pembroke,ON,4980,-28,30,13,15,8,11,9,-12,-10,-4,5,12,17,19,18,14,7,0,-8,45.82,-77.12,
437,Penetanguishene,ON,4200,-24,29,10,15,9,9,6,-9,-7,-2,6,13,18,21,20,15,9,3,-4,44.78,-79.92,
438,Perth,ON,4540,-25,30,12,15,9,11,8,-10,-8,-2,6,14,18,21,20,15,8,2,-6,44.9,-76.25,
439,Petawawa,ON,4980,-29,30,13,15,8,11,9,-12,-10,-4,5,12,17,19,18,14,7,0,-8,45.9,-77.33,
440,Peterborough,ON,4400,-23,30,12,15,9,13,9,-8,-6,-2,6,12,17,19,19,15,8,2,-3,44.3,-78.32,
441,Petrolia,ON,3640,-16,31,12,16,10,19,12,-5,-4,1,7,14,19,21,21,17,10,4,-2,42.87,-82.15,
442,Pickering (Dunbarton),ON,3800,-19,30,9,15,10,17,10,-5,-4,0,6,12,17,20,20,15,9,4,-2,43.82,-79.1,
443,Picton,ON,3980,-21,29,9,15,10,19,13,-7,-6,-1,6,13,17,21,20,16,10,4,-3,44,-77.13,
444,Plattsville,ON,4150,-19,29,11,15,10,15,11,-7,-6,-1,6,13,18,20,19,15,9,2,-4,43.3,-80.62,
445,Point Alexander,ON,4960,-29,30,12,13,8,11,9,-12,-10,-4,4,13,18,20,18,14,8,0,-6,46.13,-77.57,
446,Port Burwell,ON,3800,-15,30,10,16,10,19,11,-6,-5,0,6,12,17,20,19,16,9,4,-2,42.65,-80.82,
447,Port Colborne,ON,3600,-15,30,5,16,10,27,18,-3,-3,0,5,11,18,21,21,17,11,5,0,42.9,-79.23,
448,Port Elgin,ON,4100,-17,28,9,14,9,21,12,-6,-7,-1,5,11,16,19,19,15,9,4,-3,44.43,-81.4,
449,Port Hope,ON,3970,-21,29,9,15,10,15,8,-6,-5,0,6,12,16,20,20,16,9,4,-3,43.95,-78.3,
450,Port Perry,ON,4260,-22,30,13,15,9,15,11,-8,-7,-2,7,12,17,20,19,14,8,2,-4,44.1,-78.95,
451,Port Stanley,ON,3850,-15,31,10,16,10,19,11,-6,-5,0,6,12,17,20,19,16,9,4,-2,42.67,-81.22,
452,Prescott,ON,4120,-23,29,10,15,10,18,13,-8,-6,-1,6,13,19,21,20,16,10,3,-3,44.72,-75.52,
453,Princeton,ON,4000,-18,30,12,15,10,15,12,-6,-5,0,6,13,18,20,20,15,9,3,-3,43.17,-80.53,
454,Raith,ON,5900,-34,28,16,14,6,8,8,-19,-15,-9,1,9,13,16,14,9,4,-5,-15,48.83,-89.93,
455,Rayside-Balfour (Chelmsford),ON,5200,-28,29,10,12,8,17,13,-12,-11,-4,4,12,17,20,19,13,8,0,-9,46.58,-81.2,
456,Red Lake,ON,6220,-35,28,10,13,5,9,11,-19,-15,-8,3,11,15,19,17,10,4,-7,-17,51.05,-93.82,
457,Renfrew,ON,4900,-27,30,13,15,9,12,9,-12,-10,-4,5,12,17,20,19,13,7,0,-8,45.47,-76.68,
458,Richmond Hill,ON,4000,-21,31,11,16,10,15,11,-7,-6,-1,7,13,18,21,20,15,9,3,-3,43.87,-79.45,
459,Rockland,ON,4600,-26,30,12,15,10,11,9,-13,-9,-3,5,13,18,21,19,14,8,1,-8,45.55,-75.29,
460,Sarnia,ON,3750,-16,31,11,16,10,19,12,-5,-4,1,6,13,18,21,20,16,10,4,-2,42.97,-82.38,
461,Sault Ste. Marie,ON,4960,-25,29,11,14,8,14,11,-10,-9,-4,4,10,15,18,18,14,7,1,-5,46.52,-84.33,
462,Scarborough,ON,3800,-20,31,10,16,10,17,13,-6,-5,0,7,13,18,21,20,16,9,3,-3,43.78,-79.25,
463,Schreiber,ON,5960,-34,27,10,13,5,11,10,-15,-13,-7,1,8,12,15,15,10,5,-3,-11,48.8,-87.25,
464,Seaforth,ON,4100,-17,30,12,15,9,17,11,-6,-6,-1,6,13,17,20,19,15,9,3,-3,43.55,-81.4,
465,Shelburne,ON,4700,-22,29,11,15,8,14,10,-8,-8,-3,5,12,16,19,18,13,7,1,-5,44.0764,-80.2044,
466,Simcoe,ON,3700,-17,30,11,16,10,17,11,-6,-5,0,6,13,18,21,20,16,9,4,-3,42.83,-80.3,
467,Sioux Lookout,ON,5950,-34,28,10,14,6,10,10,-17,-14,-7,3,10,16,19,18,12,4,-5,-14,50.07,-91.98,
468,Smiths Falls,ON,4540,-25,30,12,15,9,11,8,-10,-8,-2,6,14,18,21,20,15,8,2,-6,44.9,-76.02,
469,Smithville,ON,3650,-16,30,11,15,10,21,13,-4,-4,1,7,14,19,22,21,17,10,5,-1,43.1,-79.55,
470,Smooth Rock Falls,ON,6250,-34,29,12,12,5,13,11,-18,-15,-8,1,9,15,17,16,11,4,-4,-13,49.28,-81.63,
471,South River,ON,5090,-27,29,12,14,8,12,10,-12,-11,-4,4,11,15,19,17,12,6,-1,-8,45.83,-79.38,
472,Southampton,ON,4100,-17,28,9,14,9,21,12,-6,-7,-1,5,11,16,19,19,15,9,4,-3,44.48,-81.38,
473,St. Catharines,ON,3540,-16,30,11,15,10,21,13,-4,-4,1,7,14,19,22,21,17,10,5,-1,43.17,-79.25,
474,St. Mary's,ON,4000,-18,30,11,15,10,15,11,-7,-6,-1,6,13,17,20,19,15,9,3,-3,43.25,-81.13,
475,St. Thomas,ON,3780,-16,31,12,16,10,19,11,-5,-4,1,7,14,19,21,20,16,10,4,-2,42.78,-81.2,
476,Stirling,ON,4220,-23,30,13,15,9,13,9,-8,-7,-2,7,13,17,21,19,15,8,2,-5,44.3,-77.55,
477,Stratford,ON,4050,-18,29,11,15,9,15,11,-7,-6,-1,6,13,17,20,19,15,9,3,-3,43.37,-80.95,
478,Strathroy,ON,3780,-17,31,11,16,10,19,11,-6,-5,1,7,14,19,21,20,16,10,4,-3,42.95,-81.63,
479,Sturgeon Falls,ON,5200,-28,29,12,12,9,14,11,-16,-10,-5,4,10,15,19,18,13,7,0,-8,46.37,-79.92,
480,Sudbury,ON,5180,-28,29,10,12,8,17,13,-13,-11,-5,4,11,16,19,18,13,6,-1,-8,46.5,-81,
481,Sundridge,ON,5080,-27,29,12,14,8,12,10,-12,-11,-4,4,11,15,19,17,12,6,-1,-8,45.77,-79.4,
482,Tavistock,ON,4100,-19,29,11,15,10,15,11,-7,-6,-1,6,13,17,20,19,15,9,3,-3,43.32,-80.83,
483,Temagami,ON,5420,-30,30,10,13,8,11,10,-16,-15,-7,1,10,16,19,16,11,6,-2,-12,47.07,-79.78,
484,Thamesford,ON,3950,-19,30,10,15,10,19,11,-5,-5,0,7,13,18,21,20,16,9,4,-2,43.07,-81,
485,Thedford,ON,3710,-16,31,11,14,10,19,12,-4,-4,1,7,13,19,21,20,16,10,4,-2,43.15,-81.85,
486,Thunder Bay,ON,5650,-31,29,12,12,6,12,10,-14,-11,-5,3,9,15,18,17,12,5,-3,-10,48.4,-89.32,
487,Tillsonburg,ON,3840,-17,30,13,16,10,14,9,-4,-1,2,8,15,19,21,20,17,10,4,-2,42.85,-80.73,
488,Timmins,ON,5940,-34,29,12,12,5,12,11,-17,-14,-8,2,10,15,17,16,11,4,-4,-12,48.47,-81.33,
489,Timmins (Porcupine),ON,6000,-34,29,12,12,6,12,11,-17,-14,-8,2,10,15,17,16,11,4,-4,-12,48.5,-81.17,
490,Toronto (city hall),ON,3520,-18,31,7,14,10,23,12,-4,-2,1,6,12,18,21,21,18,10,5,0,43.65,-79.38,
491,Trenton,ON,4110,-22,29,10,15,10,17,12,-7,-6,-1,6,13,18,21,20,15,9,3,-3,44.1,-77.58,
492,Trout Creek,ON,5100,-27,29,9,14,8,11,10,-12,-10,-5,4,11,16,19,18,13,6,-1,-8,45.98,-79.37,
493,Uxbridge,ON,4240,-22,30,12,15,9,15,11,-9,-9,-3,4,12,17,19,18,14,8,2,-5,44.1,-79.12,
494,Vaughan (Woodbridge),ON,4100,-20,31,12,16,10,18,13,-7,-6,-1,6,13,18,21,20,15,9,3,-3,43.78,-79.6,
495,Vittoria,ON,3680,-15,30,10,16,10,17,11,-6,-5,0,6,13,18,21,20,16,10,4,-2,42.77,-80.32,
496,Walkerton,ON,4300,-18,30,13,13,9,17,10,-7,-7,-2,5,12,17,19,19,14,8,2,-4,44.12,-81.15,
497,Wallaceburg,ON,3600,-16,31,11,16,11,17,13,-5,-4,1,8,14,20,22,21,17,11,4,-2,42.6,-82.38,
498,Waterloo,ON,4200,-19,29,12,15,9,15,10,-7,-6,-1,6,13,17,20,19,14,8,2,-4,43.47,-80.52,
499,Watford,ON,3740,-17,31,11,16,10,19,12,-6,-5,1,7,14,19,21,20,16,10,4,-3,42.95,-81.88,
500,Wawa,ON,5840,-34,26,11,14,6,10,7,-13,-11,-6,2,8,13,15,16,12,5,-2,-8,47.98,-84.78,
501,Welland,ON,3670,-15,30,11,15,10,13,8,-5,-4,1,7,13,19,21,21,16,10,4,-1,42.98,-79.25,
502,West Lorne,ON,3700,-16,31,12,16,11,17,11,-6,-4,1,7,13,19,21,20,16,11,4,-2,42.6,-81.6,
503,Whitby,ON,3820,-20,30,9,15,10,17,10,-5,-4,0,6,12,17,20,20,15,9,4,-2,43.87,-78.93,
504,Whitby (Brooklin),ON,4010,-20,30,11,15,9,15,9,-6,-5,1,7,14,18,21,20,16,9,4,-3,43.95,-78.95,
505,White River,ON,6150,-39,28,14,13,6,8,9,-19,-17,-10,-1,8,14,15,15,9,4,-4,-14,48.6,-85.28,
506,Wiarton,ON,4300,-19,29,10,14,9,17,10,-6,-6,-2,5,11,16,19,18,15,9,3,-3,44.75,-81.15,
507,Windsor,ON,3400,-16,32,9,16,11,19,13,-4,-2,2,9,15,20,23,22,18,11,5,-1,42.3,-83.02,
508,Wingham,ON,4220,-18,30,12,15,9,17,11,-7,-7,-2,6,12,17,19,19,15,8,3,-3,43.88,-81.32,
509,Woodstock,ON,3910,-19,30,12,15,10,17,12,-6,-5,0,6,13,18,20,20,15,9,3,-3,43.13,-80.75,
510,Wyoming,ON,3700,-16,31,11,16,10,19,12,-5,-4,1,7,14,19,21,21,17,10,4,-2,42.95,-82.12,
511,Charlottetown,PE,4460,-20,26,9,14,8,18,14,-8,-7,-3,3,9,15,19,18,14,8,3,-3,46.2333,-63.1333,
512,Souris,PE,4550,-19,27,6,13,8,27,19,-5,-6,-3,2,7,13,18,18,15,10,4,-1,46.35,-62.25,
513,Summerside,PE,4600,-20,27,8,13,8,20,16,-8,-7,-3,3,10,15,19,19,15,9,3,-4,46.4,-63.7833,
514,Tignish,PE,4770,-20,27,6,13,9,30,19,-7,-7,-3,2,8,15,19,19,15,10,4,-2,46.95,-64.03,
515,Acton-Vale,QC,4620,-24,30,12,15,8,12,8,-11,-9,-3,5,13,18,20,19,14,7,1,-7,45.65,-72.57,
516,Alma,QC,5800,-31,28,11,14,6,13,11,-16,-14,-7,1,10,16,18,17,13,6,-1,-10,48.55,-71.65,
517,Amos,QC,6160,-34,28,12,13,6,13,11,-17,-15,-8,1,9,15,17,16,10,4,-4,-13,48.57,-78.12,
518,Ancienne-Lorette,QC,5130,-25,28,10,16,7,17,11,-12,-10,-4,4,12,17,20,18,14,7,0,-8,46.78,-71.38,
519,Asbestos,QC,4800,-26,29,10,14,8,11,8,-11,-9,-3,5,12,17,20,18,13,7,1,-8,45.77,-71.93,
520,Aylmer,QC,4520,-25,30,11,15,9,12,9,-10,-9,-2,6,14,18,21,20,15,8,2,-7,45.4,-75.83,
521,Baie-Comeau,QC,6020,-27,25,9,11,6,17,14,-13,-11,-5,2,8,14,17,16,12,5,-1,-8,49.22,-68.15,
522,Baie-Saint-Paul,QC,5280,-27,28,11,13,7,19,12,-13,-10,-4,3,10,16,18,17,12,6,-1,-9,47.44,-70.51,
523,Beaconsfield,QC,4440,-24,30,10,15,9,16,12,-10,-8,-2,6,13,19,21,20,16,9,2,-5,45.43,-73.87,
524,Beauport,QC,5100,-26,28,11,14,7,16,13,-12,-10,-4,4,11,17,20,18,13,6,0,-9,46.87,-71.18,
525,Bedford,QC,4420,-24,29,1,15,9,10,7,-9,-8,-1,6,13,18,21,20,15,8,2,-5,45.12,-72.98,
526,Beloeil,QC,4500,-24,30,11,15,9,16,11,-11,-9,-3,6,13,18,20,19,14,8,1,-6,45.57,-73.2,
527,Brome,QC,4730,-25,29,12,15,8,10,7,-10,-9,-3,5,12,17,19,18,13,7,1,-7,45.2,-72.57,
528,Brossard,QC,4420,-24,30,11,15,9,18,13,-10,-8,-2,6,13,18,21,20,15,8,2,-6,45.45,-73.47,
529,Buckingham,QC,4880,-26,30,12,15,9,11,9,-13,-10,-4,4,12,17,20,19,13,7,1,-8,45.58,-75.42,
530,Campbell's Bay,QC,4900,-28,30,13,15,9,11,9,-13,-10,-3,5,12,16,19,18,13,7,0,-7,45.73,-76.6,
531,Chambly,QC,4450,-24,30,11,15,9,16,11,-10,-8,-2,6,13,18,21,20,15,8,2,-6,45.45,-73.28,
532,Coaticook,QC,4750,-25,28,11,14,8,10,8,-10,-8,-3,5,12,17,19,18,13,7,1,-7,45.13,-71.8,
533,Contrecoeur,QC,4500,-25,30,11,15,9,17,11,-10,-9,-3,6,13,18,21,20,15,8,1,-6,45.85,-73.23,
534,Cowansville,QC,4540,-25,29,12,15,9,10,7,-10,-9,-3,5,12,17,19,18,13,7,1,-6,45.2,-72.75,
535,Deux-Montagnes,QC,4440,-25,29,9,15,9,17,12,-10,-9,-3,6,13,18,21,20,15,8,2,-7,45.53,-73.88,
536,Dolbeau,QC,6250,-32,28,12,14,6,15,12,-18,-17,-7,2,10,15,18,16,11,4,-3,-14,48.88,-72.23,
537,Dorval,QC,4400,-24,30,10,15,9,17,12,-10,-8,-2,6,14,19,21,20,16,9,2,-5,45.45,-73.75,
538,Drummondville,QC,4700,-26,30,10,15,9,13,10,-11,-9,-3,5,13,18,21,19,14,8,1,-7,45.88,-72.48,
539,Farnham,QC,4500,-24,29,11,15,9,10,7,-10,-9,-2,6,13,18,20,19,14,8,2,-6,45.28,-72.98,
540,Fort-Coulonge,QC,4950,-28,30,13,15,9,11,9,-13,-10,-3,5,12,16,19,18,13,7,0,-7,45.85,-76.73,
541,Gagnon,QC,7600,-34,24,10,12,4,11,14,-21,-18,-12,-4,4,11,14,12,7,0,-7,-18,51.93,-68.17,
542,Gaspé,QC,5500,-25,26,12,12,7,13,9,-12,-11,-5,2,8,13,17,16,12,6,0,-7,48.83,-64.48,
543,Gatineau,QC,4600,-25,30,11,15,9,14,12,-11,-10,-3,5,13,18,21,19,14,8,1,-7,45.5,-75.65,
544,Gracefield,QC,5080,-28,30,12,15,8,8,7,-13,-11,-4,5,12,17,19,18,13,7,0,-9,46.1,-76.05,
545,Granby,QC,4500,-25,29,10,15,8,10,7,-10,-8,-2,5,13,18,20,19,14,8,1,-6,45.4,-72.73,
546,Harrington-Harbour,QC,6150,-27,19,7,10,7,18,12,-13,-12,-7,-1,4,10,13,14,10,5,-1,-7,50.5,-59.48,
547,Havre-St-Pierre,QC,6100,-27,22,9,11,6,17,13,-14,-13,-7,0,6,12,15,14,11,5,-2,-9,50.23,-63.6,
548,Hemmingford,QC,4380,-24,30,12,15,9,10,7,-10,-8,-2,6,13,18,21,19,14,8,2,-6,45.05,-73.58,
549,Hull,QC,4550,-25,30,11,15,9,12,9,-10,-9,-2,6,14,18,21,20,15,8,2,-7,45.43,-75.73,
550,Iberville,QC,4450,-24,29,11,15,9,14,10,-10,-8,-2,6,13,18,21,20,15,8,2,-6,45.35,-73.23,
551,Inukjuak,QC,9150,-36,21,6,8,-1,20,19,-25,-26,-20,-10,-2,5,10,10,6,1,-7,-16,58.48,-78.1,
552,Joliette,QC,4720,-26,29,12,15,8,14,12,-12,-9,-3,5,13,18,21,19,14,7,1,-8,46.02,-73.45,
553,Kuujjuaq,QC,8550,-37,24,9,9,0,16,14,-25,-24,-18,-8,1,8,12,11,6,0,-8,-18,58.1,-68.4,
554,Kuujjuarapik,QC,7990,-36,25,8,9,1,17,14,-23,-23,-17,-7,2,7,11,12,8,3,-5,-15,55.28,-77.75,
555,La Pocatière,QC,5160,-24,28,10,14,8,19,12,-11,-9,-4,3,10,16,19,18,14,7,1,-6,47.37,-70.04,
556,Lachute,QC,4640,-26,29,11,15,9,13,8,-11,-9,-3,5,13,18,20,19,14,7,0,-8,45.65,-74.33,
557,Lac-Mégantic,QC,5180,-27,27,11,15,7,12,10,-11,-10,-4,3,10,15,18,17,12,6,-1,-8,45.58,-70.88,
558,La-Malbaie,QC,5400,-26,28,12,13,7,19,12,-13,-11,-5,3,10,15,18,17,11,6,-1,-9,47.65,-70.15,
559,La-Tuque,QC,5500,-30,29,13,14,7,8,8,-14,-12,-5,3,11,17,19,17,13,6,-1,-9,47.43,-72.78,
560,Laval,QC,4500,-24,29,11,15,9,13,11,-12,-8,-3,6,14,18,22,19,14,8,2,-7,45.58,-73.75,
561,Lennoxville,QC,4700,-28,29,11,14,8,10,8,-10,-7,-2,5,12,17,19,19,15,7,2,-5,45.37,-71.85,
562,Léry,QC,4420,-24,29,11,15,9,15,11,-11,-8,-2,6,13,18,21,20,14,8,2,-6,45.35,-73.8,
563,Lévis,QC,5050,-25,28,10,14,7,12,8,-12,-9,-3,4,12,17,20,19,15,7,1,-6,46.8,-71.18,
564,Loretteville,QC,5200,-26,28,11,14,7,17,11,-14,-10,-3,3,12,17,20,19,13,7,-1,-9,46.85,-71.35,
565,Louiseville,QC,4900,-25,29,12,15,9,18,17,-13,-11,-4,4,12,17,20,19,13,7,0,-8,46.25,-72.95,
566,Magog,QC,4730,-26,29,10,15,8,9,8,-10,-9,-3,5,12,17,19,18,13,7,1,-7,45.27,-72.13,
567,Malartic,QC,6200,-33,29,12,12,6,13,11,-17,-15,-8,1,9,15,17,16,10,4,-4,-13,48.13,-78.13,
568,Maniwaki,QC,5280,-30,29,12,14,8,8,7,-12,-10,-3,4,12,17,19,18,14,7,0,-7,46.38,-75.97,
569,Masson,QC,4610,-26,30,12,15,9,11,9,-12,-11,-4,5,13,18,20,19,14,8,1,-8,45.5333,-75.4167,
570,Matane,QC,5510,-24,24,9,13,7,22,15,-12,-11,-6,1,8,14,17,16,11,6,-1,-7,48.85,-67.53,
571,Mont-Joli,QC,5370,-24,26,9,14,7,22,15,-12,-11,-5,2,9,15,18,17,12,6,0,-7,48.58,-68.18,
572,Mont-Laurier,QC,5320,-29,29,13,14,7,8,7,-14,-12,-5,3,11,16,18,17,12,6,-1,-10,46.55,-75.5,
573,Montmagny,QC,5090,-25,28,11,14,7,23,15,-12,-10,-4,3,11,16,19,18,13,6,0,-8,46.98,-70.55,
574,Montréal (city hall),QC,4200,-23,30,8,15,9,12,11,-8,-6,-1,7,14,19,22,21,17,10,3,-4,45.5089,-73.5536,
575,Montréal-Est,QC,4470,-23,30,9,15,9,13,11,-9,-7,-2,6,14,19,21,21,16,9,2,-4,45.63,-73.52,
576,Montréal-Nord,QC,4470,-24,30,9,15,9,13,11,-11,-9,-3,5,13,17,20,19,14,7,1,-7,45.6,-73.63,
577,Nicolet (Gentilly),QC,4900,-25,29,10,15,9,14,13,-11,-9,-3,5,13,18,20,19,15,8,2,-6,46.4,-72.28,
578,Nitchequon,QC,8100,-39,23,9,12,2,16,15,-24,-22,-15,-6,2,10,14,12,6,0,-8,-20,53.21,-70.91,
579,Noranda,QC,6050,-33,29,10,12,6,12,12,-16,-13,-6,2,10,16,18,17,13,5,-3,-10,48.25,-79.02,
580,Outremont,QC,4300,-23,30,9,15,9,13,11,-10,-7,-2,6,14,19,22,20,15,8,2,-6,45.52,-73.62,
581,Percé,QC,5400,-21,25,6,11,7,18,13,-9,-9,-4,1,6,12,16,16,12,6,1,-5,48.53,-64.22,
582,Pierrefonds,QC,4430,-24,30,9,15,9,17,12,-10,-9,-3,6,13,18,21,20,15,8,2,-7,45.48,-73.87,
583,Pincourt,QC,4480,-24,29,10,15,9,15,11,-10,-8,-2,6,13,19,21,20,16,9,2,-5,45.38,-73.98,
584,Plessisville,QC,5100,-26,29,12,15,8,13,11,-12,-11,-4,4,11,17,19,18,13,6,0,-8,46.22,-71.78,
585,Port-Cartier,QC,6060,-28,25,9,11,6,16,12,-15,-14,-7,0,6,12,15,15,10,4,-3,-10,50.02,-66.87,
586,Puvinrituq,QC,9200,-36,23,6,9,-1,18,22,-25,-26,-20,-10,-2,5,10,10,6,1,-7,-16,60.0333,-77.2832999,
587,Québec,QC,5080,-25,28,10,14,7,12,8,-12,-9,-3,4,12,17,20,19,15,7,1,-6,46.8,-71.23,
588,Richmond,QC,4700,-25,29,12,14,7,11,7,-11,-9,-3,5,12,17,20,18,13,7,1,-7,45.67,-72.15,
589,Rimouski,QC,5300,-25,26,10,12,7,20,13,-12,-10,-4,3,10,15,18,17,12,6,0,-8,48.43,-68.55,
590,Rivière-du-Loup,QC,5380,-25,26,9,14,7,11,8,-12,-10,-5,2,9,15,17,17,12,6,0,-7,47.83,-69.53,
591,Roberval,QC,5750,-31,28,10,13,6,14,13,-16,-14,-7,2,10,16,18,17,12,6,-2,-11,48.52,-72.23,
592,Rock-Island,QC,4850,-25,29,11,15,8,10,8,-10,-9,-3,5,12,16,19,18,13,7,1,-7,45.04,-72.1,
593,Rosemère,QC,4550,-24,29,11,15,9,13,11,-10,-9,-3,6,13,18,21,20,15,8,2,-7,45.63,-73.8,
594,Rouyn,QC,6050,-33,29,10,12,6,12,12,-16,-13,-6,2,10,16,18,17,13,5,-3,-10,48.23,-79.02,
595,Saguenay,QC,5700,-30,28,11,14,6,16,11,-15,-14,-5,3,11,17,19,18,12,6,-1,-12,48.43,-71.07,
596,Saguenay (Bagotville),QC,5700,-31,28,11,13,6,16,11,-16,-13,-6,2,10,16,18,17,12,5,-2,-10,48.35,-70.88,
597,Saguenay (Jonquière),QC,5650,-30,28,11,14,6,15,12,-15,-13,-6,2,10,16,18,17,13,6,-1,-9,48.42,-71.22,
598,Saguenay (Kénogami),QC,5650,-30,28,11,14,6,15,12,-15,-13,-6,2,10,16,18,17,13,6,-1,-9,48.42,-71.25,
599,Saint-Eustache,QC,4500,-25,29,9,15,9,17,12,-10,-9,-3,6,13,18,21,20,15,8,2,-7,45.56,-73.9,
600,Saint-Jean-sur-Richelieu,QC,4450,-24,29,11,15,9,14,10,-10,-8,-2,6,13,18,21,20,15,8,2,-6,45.31,-73.26,
601,Salaberry-de-Valleyfield,QC,4400,-23,29,10,15,9,14,10,-10,-8,-2,6,14,19,21,20,15,8,2,-6,45.25,-74.13,
602,Schefferville,QC,8550,-37,24,9,8,1,16,15,-24,-23,-16,-7,2,9,13,12,7,-1,-9,-18,54.8,-66.83,
603,Senneterre,QC,6180,-34,29,13,12,6,13,11,-19,-16,-9,1,9,14,17,15,10,4,-4,-14,48.38,-77.23,
604,Sept-Îles,QC,6200,-29,24,8,10,6,16,12,-15,-14,-7,0,6,12,15,15,10,4,-3,-10,50.2,-66.38,
605,Shawinigan,QC,5050,-26,29,11,15,8,10,9,-13,-11,-4,4,12,17,20,18,13,7,0,-9,46.55,-72.75,
606,Shawville,QC,4880,-27,30,13,15,9,12,9,-12,-10,-4,5,12,17,20,18,13,7,0,-8,45.6,-76.48,
607,Sherbrooke,QC,4700,-28,29,12,15,8,11,7,-11,-9,-4,4,11,16,18,18,13,7,1,-7,45.42,-71.9,
608,Sillery,QC,5070,-25,28,10,16,7,12,8,-12,-9,-3,4,12,17,20,19,15,7,1,-6,46.77,-71.25,
609,Sorel,QC,4550,-25,29,11,15,9,17,16,-11,-9,-3,5,13,18,21,20,14,8,1,-7,46.03,-73.12,
610,Ste-Agathe-des-Monts,QC,5390,-28,28,11,14,7,12,9,-13,-10,-5,3,11,15,18,16,12,6,-1,-10,46.05,-74.28,
611,Ste-Anne-de-Bellevue,QC,4460,-24,29,10,15,9,15,11,-10,-8,-2,6,13,19,21,20,16,9,2,-5,45.42,-73.93,
612,Ste-Foy,QC,5100,-25,28,10,16,7,12,8,-12,-9,-3,4,12,17,20,19,15,7,1,-6,46.78,-71.28,
613,St-Félicien,QC,5850,-32,28,12,14,6,15,12,-17,-15,-7,2,10,16,18,17,12,6,-3,-12,48.65,-72.45,
614,St-Georges-de-Cacouna,QC,5400,-25,26,9,14,7,11,8,-12,-10,-5,2,9,15,17,17,12,6,0,-7,47.92,-69.5,
615,St-Hubert,QC,4490,-24,30,11,15,9,18,13,-10,-8,-2,6,13,18,21,20,15,8,2,-6,45.5,-73.42,
616,St-Hubert-de-Rivière-du-Loup,QC,5520,-26,26,11,14,6,11,8,-15,-13,-6,1,9,15,17,16,11,5,-2,-11,47.8167,-69.15,
617,St-Hyacinthe,QC,4500,-24,30,11,15,9,13,9,-11,-9,-3,6,13,19,21,20,15,8,1,-7,45.62,-72.95,
618,St-Jérôme,QC,4820,-26,29,11,15,9,13,8,-12,-10,-4,5,12,17,20,18,13,7,0,-8,45.78,-74,
619,St-Jovite,QC,5250,-29,28,14,14,7,5,5,-12,-11,-4,3,11,16,18,17,13,6,0,-8,46.12,-74.6,
620,St-Lambert,QC,4400,-23,30,11,15,9,18,13,-10,-8,-2,6,13,18,21,20,15,8,2,-6,45.5,-73.5,
621,St-Laurent,QC,4270,-23,30,10,15,9,17,12,-10,-8,-2,6,14,19,21,20,16,9,2,-5,45.5,-73.67,
622,St-Lazare-Hudson,QC,4520,-24,30,13,15,8,15,11,-13,-10,-3,5,12,17,20,18,13,7,0,-8,45.4,-74.14,
623,St-Nicolas,QC,4990,-25,28,10,14,7,14,9,-12,-9,-3,4,12,17,20,19,15,7,1,-6,46.7,-71.4,
624,Sutton,QC,4600,-25,29,11,15,8,10,7,-9,-8,-2,6,12,17,20,18,14,8,1,-6,45.1,-72.62,
625,Tadoussac,QC,5450,-26,27,10,13,7,26,14,-13,-11,-5,2,9,14,17,16,11,5,-1,-9,48.15,-69.72,
626,Témiscaming,QC,5020,-30,30,11,13,8,10,8,-11,-8,-3,4,11,17,19,19,15,7,1,-6,46.72,-79.1,
627,Terrebonne,QC,4500,-25,29,11,15,8,13,11,-12,-9,-3,5,13,18,21,20,14,7,1,-7,45.69,-73.63,
628,Thetford Mines,QC,5120,-26,28,10,14,7,13,10,-12,-11,-5,3,11,16,18,17,12,6,-1,-8,46.08,-71.3,
629,Thurso,QC,4820,-26,30,12,15,9,11,9,-13,-9,-3,5,13,18,21,19,14,8,1,-8,45.6,-75.25,
630,Trois-Rivières,QC,4900,-25,29,8,15,9,14,13,-10,-8,-3,4,12,18,21,20,15,9,2,-5,46.35,-72.55,
631,Val-d'Or,QC,6180,-33,29,11,12,6,13,11,-17,-14,-8,1,10,15,18,16,11,5,-3,-12,48.1,-77.78,
632,Varennes,QC,4500,-24,30,11,15,9,17,11,-10,-8,-2,6,13,19,20,19,15,8,2,-5,45.68,-73.43,
633,Verchères,QC,4450,-24,30,11,15,9,17,11,-10,-9,-3,6,13,18,21,20,15,8,1,-6,45.78,-73.35,
634,Verdun,QC,4200,-23,30,10,15,9,17,12,-10,-8,-2,6,14,19,21,20,16,9,2,-5,45.45,-73.57,
635,Victoriaville,QC,4900,-26,29,11,15,8,12,10,-12,-9,-3,5,13,17,20,19,13,7,1,-8,46.05,-71.97,
636,Ville-Marie,QC,5550,-31,30,11,13,7,11,10,-15,-12,-6,2,11,17,20,18,13,7,-1,-10,47.33,-79.43,
637,Wakefield,QC,4820,-27,30,13,15,8,11,9,-12,-10,-3,5,13,17,20,18,13,7,0,-8,45.64,-75.93,
638,Waterloo,QC,4650,-25,29,12,15,9,10,7,-11,-10,-3,5,12,16,19,18,13,7,1,-7,45.35,-72.52,
639,Windsor,QC,4700,-25,29,11,15,8,11,7,-11,-9,-4,4,11,16,18,18,13,7,1,-7,45.57,-72,
640,Assiniboia,SK,5180,-32,31,13,12,7,18,14,-12,-9,-4,5,11,16,19,19,13,5,-3,-9,49.63,-105.98,
641,Battrum,SK,5080,-32,32,14,10,6,20,15,-13,-10,-3,5,12,16,19,18,12,6,-4,-10,50.55,-108.33,
642,Biggar,SK,5720,-34,30,13,11,6,12,13,-16,-13,-5,4,11,16,18,17,11,5,-6,-14,52.07,-108,
643,Broadview,SK,5760,-34,30,12,12,6,17,14,-15,-12,-6,4,11,16,18,17,11,4,-6,-12,50.37,-102.58,
644,Dafoe,SK,5860,-35,29,12,12,5,14,12,-17,-13,-6,3,11,16,18,17,11,4,-6,-14,51.75,-104.53,
645,Dundurn,SK,5600,-35,30,12,12,6,14,13,-16,-12,-5,-5,11,16,18,17,11,4,-6,-14,51.82,-106.5,
646,Estevan,SK,5340,-32,32,13,13,6,18,14,-14,-10,-4,5,12,17,19,19,12,5,-5,-11,49.13,-102.98,
647,Hudson Bay,SK,6280,-36,29,13,12,5,11,11,-18,-14,-7,2,9,14,18,16,11,3,-7,-15,52.85,-102.38,
648,Humboldt,SK,6000,-36,28,13,13,5,14,13,-17,-14,-7,3,11,15,17,16,11,4,-7,-15,52.2,-105.12,
649,Island Falls,SK,7100,-39,27,12,12,4,10,13,-23,-19,-11,0,8,14,17,16,9,2,-9,-20,55.53,-102.35,
650,Kamsack,SK,6040,-34,29,14,14,5,13,11,-19,-15,-8,3,11,16,18,17,11,4,-7,-16,51.57,-101.9,
651,Kindersley,SK,5550,-33,31,13,10,6,14,14,-14,-11,-4,5,11,15,18,17,12,4,-6,-11,51.47,-109.17,
652,Lloydminster,SK,5880,-34,28,12,11,5,15,14,-14,-11,-6,4,10,15,17,16,10,3,-7,-12,53.28,-110,
653,Maple Creek,SK,4780,-31,31,14,10,7,13,13,-9,-6,-2,6,10,15,19,18,13,6,-2,-6,49.92,-109.48,
654,Meadow Lake,SK,6280,-38,28,12,11,4,11,11,-17,-14,-7,4,10,15,17,16,10,3,-8,-15,54.13,-108.43,
655,Melfort,SK,6050,-36,28,12,13,5,15,13,-17,-13,-8,3,10,15,18,17,11,3,-6,-13,52.87,-104.62,
656,Melville,SK,5880,-34,29,13,12,5,15,13,-20,-15,-8,3,11,16,18,16,11,5,-6,-15,50.92,-102.8,
657,Moose Jaw,SK,5270,-32,31,14,12,7,18,15,-12,-9,-4,6,11,15,19,18,13,5,-3,-8,50.4,-105.53,
658,Nipawin,SK,6300,-37,28,12,13,5,13,12,-18,-15,-7,3,11,16,18,16,10,3,-9,-17,53.37,-104,
659,North Battleford,SK,5900,-34,29,12,11,5,12,13,-16,-12,-6,4,11,15,18,17,11,4,-7,-14,52.78,-108.28,
660,Prince Albert,SK,6100,-37,28,12,13,5,10,12,-17,-14,-7,3,10,15,18,17,11,3,-7,-15,53.2,-105.77,
661,Qu'Appelle,SK,5620,-34,30,13,13,6,18,14,-15,-12,-5,4,11,16,18,18,12,5,-6,-13,50.55,-103.88,
662,Regina,SK,5600,-34,31,13,12,6,19,16,-15,-12,-5,5,11,16,19,18,12,4,-5,-12,50.45,-104.62,
663,Rosetown,SK,5620,-34,31,14,10,6,15,14,-16,-12,-6,4,10,15,18,17,12,4,-5,-11,51.55,-108,
664,Saskatoon,SK,5700,-35,30,13,12,6,15,14,-16,-12,-6,5,11,16,18,17,11,4,-6,-13,52.12,-106.63,
665,Scott,SK,5960,-34,30,13,11,5,12,13,-15,-11,-7,4,10,14,18,17,11,3,-5,-11,52.37,-108.83,
666,Strasbourg,SK,5600,-34,30,13,13,6,14,12,-17,-12,-5,4,12,17,19,18,11,5,-5,-13,51.07,-104.95,
667,Swift Current,SK,5150,-31,31,12,10,6,22,17,-11,-8,-3,5,11,15,18,18,12,5,-3,-8,50.28,-107.8,
668,Uranium City,SK,7500,-42,26,10,11,3,8,11,-24,-19,-13,-3,5,13,16,14,8,0,-11,-18,59.57,-108.62,
669,Weyburn,SK,5400,-33,31,13,14,6,18,15,-15,-11,-6,5,11,16,19,19,13,5,-4,-11,49.67,-103.85,
670,Yorkton,SK,6000,-34,29,12,12,5,14,12,-17,-13,-7,3,10,15,18,17,11,4,-7,-14,51.22,-102.47,
671,Aishihik,YT,7500,-44,23,13,7,2,4,8,-23,-18,-10,0,8,13,15,13,7,-2,-15,-21,61.6,-137.5167,
672,Dawson,YT,8120,-50,26,13,7,1,1,4,-27,-22,-12,0,8,14,16,13,6,-5,-18,-25,64.07,-139.42,
673,Destruction Bay,YT,7800,-43,23,13,6,2,9,13,-19,-16,-12,-3,5,11,13,10,5,-3,-15,-17,61.25,-138.8,
674,Faro,YT,7300,-46,25,11,8,2,6,6,-23,-15,-9,1,7,14,15,12,7,-2,-15,-18,62.227,-133.357,
675,Haines Junction,YT,7100,-45,24,13,6,3,4,8,-20,-12,-7,1,7,12,13,12,7,0,-13,-16,60.78,-137.54,
676,Snag,YT,8300,-51,23,13,9,2,3,6,-27,-21,-13,-2,6,12,14,11,5,-7,-20,-25,62.4,-140.37,
677,Teslin,YT,6770,-42,24,12,7,4,4,7,-19,-13,-8,0,6,12,14,12,7,1,-10,-14,60.17,-132.72,
678,Watson Lake,YT,7470,-46,26,11,7,4,3,9,-23,-18,-10,0,8,13,15,13,7,-1,-15,-20,60.13,-128.71,
679,Whitehorse,YT,6580,-41,25,11,7,3,13,10,-17,-12,-7,1,7,12,14,12,7,0,-10,-12,60.72,-135.05,
